#
# There is insufficient memory for the Java Runtime Environment to continue.
# Native memory allocation (malloc) failed to allocate 885216 bytes. Error detail: Chunk::new
# Possible reasons:
#   The system is out of physical RAM or swap space
#   This process is running with CompressedOops enabled, and the Java Heap may be blocking the growth of the native heap
# Possible solutions:
#   Reduce memory load on the system
#   Increase physical memory or swap space
#   Check if swap backing store is full
#   Decrease Java heap size (-Xmx/-Xms)
#   Decrease number of Java threads
#   Decrease Java thread stack sizes (-Xss)
#   Set larger code cache with -XX:ReservedCodeCacheSize=
#   JVM is running with Unscaled Compressed Oops mode in which the Java heap is
#     placed in the first 4GB address space. The Java Heap base address is the
#     maximum limit for the native heap growth. Please use -XX:HeapBaseMinAddress
#     to set the Java Heap base and to place the Java Heap above 4GB virtual address.
# This output file may be truncated or incomplete.
#
#  Out of Memory Error (arena.cpp:168), pid=22068, tid=18840
#
# JRE version: OpenJDK Runtime Environment (21.0.9) (build 21.0.9+-14787801-b1163.94)
# Java VM: OpenJDK 64-Bit Server VM (21.0.9+-14787801-b1163.94, mixed mode, tiered, compressed oops, compressed class ptrs, g1 gc, windows-amd64)
# No core dump will be written. Minidumps are not enabled by default on client versions of Windows
#

---------------  S U M M A R Y ------------

Command Line: --add-opens=java.base/java.lang=ALL-UNNAMED --add-opens=java.base/java.lang.invoke=ALL-UNNAMED --add-opens=java.base/java.util=ALL-UNNAMED --add-opens=java.prefs/java.util.prefs=ALL-UNNAMED --add-exports=jdk.compiler/com.sun.tools.javac.api=ALL-UNNAMED --add-exports=jdk.compiler/com.sun.tools.javac.util=ALL-UNNAMED --add-opens=java.base/java.util=ALL-UNNAMED --add-opens=java.prefs/java.util.prefs=ALL-UNNAMED --add-opens=java.base/java.nio.charset=ALL-UNNAMED --add-opens=java.base/java.net=ALL-UNNAMED --add-opens=java.base/java.util.concurrent=ALL-UNNAMED --add-opens=java.base/java.util.concurrent.atomic=ALL-UNNAMED --add-opens=java.xml/javax.xml.namespace=ALL-UNNAMED --add-opens=java.base/java.time=ALL-UNNAMED -Xmx2048m -Dfile.encoding=UTF-8 -Duser.country=PH -Duser.language=en -Duser.variant -javaagent:C:\Users\Ronald\.gradle\wrapper\dists\gradle-9.3.1-bin\23ovyewtku6u96viwx3xl3oks\gradle-9.3.1\lib\agents\gradle-instrumentation-agent-9.3.1.jar org.gradle.launcher.daemon.bootstrap.GradleDaemon 9.3.1

Host: AMD Ryzen 5 3400G with Radeon Vega Graphics    , 8 cores, 13G,  Windows 11 , 64 bit Build 26100 (10.0.26100.8246)
Time: Sun Apr 26 22:06:53 2026 Malay Peninsula Standard Time elapsed time: 41.240586 seconds (0d 0h 0m 41s)

---------------  T H R E A D  ---------------

Current thread (0x00000211d0b1d160):  JavaThread "C2 CompilerThread0" daemon [_thread_in_native, id=18840, stack(0x000000c410200000,0x000000c410300000) (1024K)]


Current CompileTask:
C2:41240 13564       4       org.gradle.internal.component.model.DefaultExternalModuleComponentGraphResolveState$DefaultConfigurationGraphResolveState::getAttributes (10 bytes)

Stack: [0x000000c410200000,0x000000c410300000]
Native frames: (J=compiled Java code, j=interpreted, Vv=VM code, C=native code)
V  [jvm.dll+0x6d6c99]
V  [jvm.dll+0x866b83]
V  [jvm.dll+0x8691ae]
V  [jvm.dll+0x869893]
V  [jvm.dll+0x280776]
V  [jvm.dll+0xc07cd]
V  [jvm.dll+0xc0d03]
V  [jvm.dll+0x2f5a10]
V  [jvm.dll+0x5ff9a9]
V  [jvm.dll+0x252572]
V  [jvm.dll+0x24ae1a]
V  [jvm.dll+0x24892e]
V  [jvm.dll+0x1c7344]
V  [jvm.dll+0x2581ae]
V  [jvm.dll+0x2566f6]
V  [jvm.dll+0x3f48a6]
V  [jvm.dll+0x80f118]
V  [jvm.dll+0x6d54ed]
C  [ucrtbase.dll+0x37b0]
C  [KERNEL32.DLL+0x2e8d7]
C  [ntdll.dll+0x8c3fc]


---------------  P R O C E S S  ---------------

Threads class SMR info:
_java_thread_list=0x00000211b71eb900, length=99, elements={
0x00000211b6ef5980, 0x00000211d0aedd30, 0x00000211d0b015a0, 0x00000211d0b02000,
0x00000211d0b14420, 0x00000211d0b14e80, 0x00000211d0b198f0, 0x00000211d0b1aaf0,
0x00000211d0b1d160, 0x00000211d0b219d0, 0x00000211d0ddefa0, 0x00000211d5a41040,
0x00000211d5f3e6a0, 0x00000211d734d330, 0x00000211d5ca3960, 0x00000211d72c1ce0,
0x00000211d7454ae0, 0x00000211d78124d0, 0x00000211d7812b60, 0x00000211d7813f10,
0x00000211d7813880, 0x00000211d78131f0, 0x00000211d78145a0, 0x00000211d7814c30,
0x00000211d9549af0, 0x00000211d95480b0, 0x00000211d9548dd0, 0x00000211d9548740,
0x00000211d9547a20, 0x00000211d954b530, 0x00000211d954c8e0, 0x00000211d954bbc0,
0x00000211d954aea0, 0x00000211d954c250, 0x00000211d9549460, 0x00000211d954cf70,
0x00000211d954d600, 0x00000211d954a180, 0x00000211d954dc90, 0x00000211d954e320,
0x00000211d954e9b0, 0x00000211d9fff970, 0x00000211da000000, 0x00000211da000d20,
0x00000211da000690, 0x00000211da002760, 0x00000211da0013b0, 0x00000211d9fff2e0,
0x00000211da003480, 0x00000211da001a40, 0x00000211da003b10, 0x00000211da002df0,
0x00000211da0041a0, 0x00000211da004ec0, 0x00000211da004830, 0x00000211da005550,
0x00000211da0020d0, 0x00000211da005be0, 0x00000211da006900, 0x00000211da006270,
0x00000211d76e9b90, 0x00000211d76ea8b0, 0x00000211d76eaf40, 0x00000211d76eb5d0,
0x00000211d76e87e0, 0x00000211d76ec2f0, 0x00000211d76e8e70, 0x00000211d76ec980,
0x00000211d76e9500, 0x00000211d76ef0e0, 0x00000211d76ed6a0, 0x00000211d76efe00,
0x00000211d76ed010, 0x00000211d76edd30, 0x00000211d76ee3c0, 0x00000211d76eea50,
0x00000211d76ef770, 0x00000211d7f73910, 0x00000211d7f73fa0, 0x00000211d7f71ed0,
0x00000211d7f71840, 0x00000211d7f70b20, 0x00000211d7f711b0, 0x00000211d7f74630,
0x00000211d7f72560, 0x00000211d7f74cc0, 0x00000211d7f72bf0, 0x00000211d525b780,
0x00000211d525cb30, 0x00000211d525c4a0, 0x00000211d525e570, 0x00000211d525b0f0,
0x00000211d525ec00, 0x00000211d525f290, 0x00000211d6ae1f30, 0x00000211d6ae25c0,
0x00000211d6adf140, 0x00000211d6adf7d0, 0x00000211d6adfe60
}

Java Threads: ( => current thread )
  0x00000211b6ef5980 JavaThread "main"                              [_thread_blocked, id=16976, stack(0x000000c40f300000,0x000000c40f400000) (1024K)]
  0x00000211d0aedd30 JavaThread "Common-Cleaner"             daemon [_thread_blocked, id=8744, stack(0x000000c40fb00000,0x000000c40fc00000) (1024K)]
  0x00000211d0b015a0 JavaThread "Reference Handler"          daemon [_thread_blocked, id=14132, stack(0x000000c40fc00000,0x000000c40fd00000) (1024K)]
  0x00000211d0b02000 JavaThread "Finalizer"                  daemon [_thread_blocked, id=22340, stack(0x000000c40fd00000,0x000000c40fe00000) (1024K)]
  0x00000211d0b14420 JavaThread "Signal Dispatcher"          daemon [_thread_blocked, id=22388, stack(0x000000c40fe00000,0x000000c40ff00000) (1024K)]
  0x00000211d0b14e80 JavaThread "Attach Listener"            daemon [_thread_blocked, id=11396, stack(0x000000c40ff00000,0x000000c410000000) (1024K)]
  0x00000211d0b198f0 JavaThread "Service Thread"             daemon [_thread_blocked, id=6616, stack(0x000000c410000000,0x000000c410100000) (1024K)]
  0x00000211d0b1aaf0 JavaThread "Monitor Deflation Thread"   daemon [_thread_blocked, id=22264, stack(0x000000c410100000,0x000000c410200000) (1024K)]
=>0x00000211d0b1d160 JavaThread "C2 CompilerThread0"         daemon [_thread_in_native, id=18840, stack(0x000000c410200000,0x000000c410300000) (1024K)]
  0x00000211d0b219d0 JavaThread "C1 CompilerThread0"         daemon [_thread_blocked, id=23496, stack(0x000000c410300000,0x000000c410400000) (1024K)]
  0x00000211d0ddefa0 JavaThread "Notification Thread"        daemon [_thread_blocked, id=21860, stack(0x000000c410400000,0x000000c410500000) (1024K)]
  0x00000211d5a41040 JavaThread "Daemon health stats"               [_thread_blocked, id=9468, stack(0x000000c410500000,0x000000c410600000) (1024K)]
  0x00000211d5f3e6a0 JavaThread "Incoming local TCP Connector on port 52084"        [_thread_in_native, id=15584, stack(0x000000c410e00000,0x000000c410f00000) (1024K)]
  0x00000211d734d330 JavaThread "Daemon periodic checks"            [_thread_blocked, id=21132, stack(0x000000c410f00000,0x000000c411000000) (1024K)]
  0x00000211d5ca3960 JavaThread "Daemon"                            [_thread_blocked, id=476, stack(0x000000c411000000,0x000000c411100000) (1024K)]
  0x00000211d72c1ce0 JavaThread "Handler for socket connection from /127.0.0.1:52084 to /127.0.0.1:52085"        [_thread_in_native, id=15924, stack(0x000000c411100000,0x000000c411200000) (1024K)]
  0x00000211d7454ae0 JavaThread "Cancel handler"                    [_thread_blocked, id=1792, stack(0x000000c411200000,0x000000c411300000) (1024K)]
  0x00000211d78124d0 JavaThread "Daemon worker"                     [_thread_blocked, id=21448, stack(0x000000c411300000,0x000000c411400000) (1024K)]
  0x00000211d7812b60 JavaThread "Asynchronous log dispatcher for DefaultDaemonConnection: socket connection from /127.0.0.1:52084 to /127.0.0.1:52085"        [_thread_blocked, id=17424, stack(0x000000c411500000,0x000000c411600000) (1024K)]
  0x00000211d7813f10 JavaThread "Stdin handler"                     [_thread_blocked, id=6020, stack(0x000000c411600000,0x000000c411700000) (1024K)]
  0x00000211d7813880 JavaThread "Daemon client event forwarder"        [_thread_blocked, id=4848, stack(0x000000c411700000,0x000000c411800000) (1024K)]
  0x00000211d78131f0 JavaThread "Cache worker for journal cache (C:\Users\Ronald\.gradle\caches\journal-1)"        [_thread_blocked, id=22292, stack(0x000000c411800000,0x000000c411900000) (1024K)]
  0x00000211d78145a0 JavaThread "File lock request listener"        [_thread_in_native, id=7164, stack(0x000000c411900000,0x000000c411a00000) (1024K)]
  0x00000211d7814c30 JavaThread "Cache worker for file hash cache (C:\Users\Ronald\.gradle\caches\9.3.1\fileHashes)"        [_thread_blocked, id=16216, stack(0x000000c411a00000,0x000000c411b00000) (1024K)]
  0x00000211d9549af0 JavaThread "Cache worker for file hash cache (C:\Code Practice\StreetAssist\.gradle\9.3.1\fileHashes)"        [_thread_blocked, id=3296, stack(0x000000c411b00000,0x000000c411c00000) (1024K)]
  0x00000211d95480b0 JavaThread "Cache worker for Build Output Cleanup Cache (C:\Code Practice\StreetAssist\.gradle\buildOutputCleanup)"        [_thread_blocked, id=9032, stack(0x000000c411c00000,0x000000c411d00000) (1024K)]
  0x00000211d9548dd0 JavaThread "File watcher server"        daemon [_thread_in_native, id=22876, stack(0x000000c411d00000,0x000000c411e00000) (1024K)]
  0x00000211d9548740 JavaThread "File watcher consumer"      daemon [_thread_blocked, id=23756, stack(0x000000c411e00000,0x000000c411f00000) (1024K)]
  0x00000211d9547a20 JavaThread "Cache worker for checksums cache (C:\Code Practice\StreetAssist\.gradle\9.3.1\checksums)"        [_thread_blocked, id=19436, stack(0x000000c410d00000,0x000000c410e00000) (1024K)]
  0x00000211d954b530 JavaThread "Cache worker for file content cache (C:\Users\Ronald\.gradle\caches\9.3.1\fileContent)"        [_thread_blocked, id=24300, stack(0x000000c411f00000,0x000000c412000000) (1024K)]
  0x00000211d954c8e0 JavaThread "Cache worker for cache directory md-supplier (C:\Users\Ronald\.gradle\caches\9.3.1\md-supplier)"        [_thread_blocked, id=22104, stack(0x000000c412000000,0x000000c412100000) (1024K)]
  0x00000211d954bbc0 JavaThread "Cache worker for cache directory md-rule (C:\Users\Ronald\.gradle\caches\9.3.1\md-rule)"        [_thread_blocked, id=4820, stack(0x000000c412100000,0x000000c412200000) (1024K)]
  0x00000211d954aea0 JavaThread "jar transforms"                    [_thread_blocked, id=20556, stack(0x000000c412300000,0x000000c412400000) (1024K)]
  0x00000211d954c250 JavaThread "jar transforms Thread 2"           [_thread_blocked, id=17272, stack(0x000000c412400000,0x000000c412500000) (1024K)]
  0x00000211d9549460 JavaThread "jar transforms Thread 3"           [_thread_blocked, id=16712, stack(0x000000c412500000,0x000000c412600000) (1024K)]
  0x00000211d954cf70 JavaThread "Unconstrained build operations"        [_thread_blocked, id=23396, stack(0x000000c412200000,0x000000c412300000) (1024K)]
  0x00000211d954d600 JavaThread "Unconstrained build operations Thread 2"        [_thread_blocked, id=18796, stack(0x000000c412600000,0x000000c412700000) (1024K)]
  0x00000211d954a180 JavaThread "Unconstrained build operations Thread 3"        [_thread_blocked, id=24548, stack(0x000000c412700000,0x000000c412800000) (1024K)]
  0x00000211d954dc90 JavaThread "Unconstrained build operations Thread 4"        [_thread_blocked, id=16392, stack(0x000000c412800000,0x000000c412900000) (1024K)]
  0x00000211d954e320 JavaThread "Unconstrained build operations Thread 5"        [_thread_blocked, id=23884, stack(0x000000c412900000,0x000000c412a00000) (1024K)]
  0x00000211d954e9b0 JavaThread "Unconstrained build operations Thread 6"        [_thread_blocked, id=21412, stack(0x000000c412a00000,0x000000c412b00000) (1024K)]
  0x00000211d9fff970 JavaThread "Unconstrained build operations Thread 7"        [_thread_blocked, id=23040, stack(0x000000c412b00000,0x000000c412c00000) (1024K)]
  0x00000211da000000 JavaThread "Unconstrained build operations Thread 8"        [_thread_blocked, id=18476, stack(0x000000c412d00000,0x000000c412e00000) (1024K)]
  0x00000211da000d20 JavaThread "Unconstrained build operations Thread 9"        [_thread_blocked, id=18292, stack(0x000000c412e00000,0x000000c412f00000) (1024K)]
  0x00000211da000690 JavaThread "Unconstrained build operations Thread 10"        [_thread_blocked, id=13776, stack(0x000000c412f00000,0x000000c413000000) (1024K)]
  0x00000211da002760 JavaThread "Unconstrained build operations Thread 11"        [_thread_blocked, id=17056, stack(0x000000c413000000,0x000000c413100000) (1024K)]
  0x00000211da0013b0 JavaThread "Unconstrained build operations Thread 12"        [_thread_blocked, id=23660, stack(0x000000c413100000,0x000000c413200000) (1024K)]
  0x00000211d9fff2e0 JavaThread "Unconstrained build operations Thread 13"        [_thread_blocked, id=14828, stack(0x000000c413200000,0x000000c413300000) (1024K)]
  0x00000211da003480 JavaThread "Unconstrained build operations Thread 14"        [_thread_blocked, id=2424, stack(0x000000c413300000,0x000000c413400000) (1024K)]
  0x00000211da001a40 JavaThread "jar transforms Thread 4"           [_thread_blocked, id=2692, stack(0x000000c413400000,0x000000c413500000) (1024K)]
  0x00000211da003b10 JavaThread "jar transforms Thread 5"           [_thread_blocked, id=8548, stack(0x000000c413500000,0x000000c413600000) (1024K)]
  0x00000211da002df0 JavaThread "Unconstrained build operations Thread 15"        [_thread_blocked, id=17028, stack(0x000000c413600000,0x000000c413700000) (1024K)]
  0x00000211da0041a0 JavaThread "Unconstrained build operations Thread 16"        [_thread_blocked, id=23436, stack(0x000000c413700000,0x000000c413800000) (1024K)]
  0x00000211da004ec0 JavaThread "Unconstrained build operations Thread 17"        [_thread_blocked, id=584, stack(0x000000c413800000,0x000000c413900000) (1024K)]
  0x00000211da004830 JavaThread "Unconstrained build operations Thread 18"        [_thread_blocked, id=22316, stack(0x000000c413900000,0x000000c413a00000) (1024K)]
  0x00000211da005550 JavaThread "Unconstrained build operations Thread 19"        [_thread_blocked, id=23072, stack(0x000000c413a00000,0x000000c413b00000) (1024K)]
  0x00000211da0020d0 JavaThread "Unconstrained build operations Thread 20"        [_thread_blocked, id=22448, stack(0x000000c413b00000,0x000000c413c00000) (1024K)]
  0x00000211da005be0 JavaThread "Unconstrained build operations Thread 21"        [_thread_blocked, id=24496, stack(0x000000c413c00000,0x000000c413d00000) (1024K)]
  0x00000211da006900 JavaThread "jar transforms Thread 6"           [_thread_blocked, id=13508, stack(0x000000c413d00000,0x000000c413e00000) (1024K)]
  0x00000211da006270 JavaThread "jar transforms Thread 7"           [_thread_blocked, id=13824, stack(0x000000c413e00000,0x000000c413f00000) (1024K)]
  0x00000211d76e9b90 JavaThread "jar transforms Thread 8"           [_thread_blocked, id=13828, stack(0x000000c413f00000,0x000000c414000000) (1024K)]
  0x00000211d76ea8b0 JavaThread "Unconstrained build operations Thread 22"        [_thread_blocked, id=18856, stack(0x000000c412c00000,0x000000c412d00000) (1024K)]
  0x00000211d76eaf40 JavaThread "Unconstrained build operations Thread 23"        [_thread_blocked, id=18044, stack(0x000000c414000000,0x000000c414100000) (1024K)]
  0x00000211d76eb5d0 JavaThread "Unconstrained build operations Thread 24"        [_thread_blocked, id=22148, stack(0x000000c414200000,0x000000c414300000) (1024K)]
  0x00000211d76e87e0 JavaThread "Unconstrained build operations Thread 25"        [_thread_blocked, id=22492, stack(0x000000c414400000,0x000000c414500000) (1024K)]
  0x00000211d76ec2f0 JavaThread "Unconstrained build operations Thread 26"        [_thread_blocked, id=18464, stack(0x000000c414500000,0x000000c414600000) (1024K)]
  0x00000211d76e8e70 JavaThread "Unconstrained build operations Thread 27"        [_thread_blocked, id=23708, stack(0x000000c414600000,0x000000c414700000) (1024K)]
  0x00000211d76ec980 JavaThread "Unconstrained build operations Thread 28"        [_thread_blocked, id=17072, stack(0x000000c414700000,0x000000c414800000) (1024K)]
  0x00000211d76e9500 JavaThread "Unconstrained build operations Thread 29"        [_thread_blocked, id=21820, stack(0x000000c414800000,0x000000c414900000) (1024K)]
  0x00000211d76ef0e0 JavaThread "Unconstrained build operations Thread 30"        [_thread_blocked, id=20552, stack(0x000000c414900000,0x000000c414a00000) (1024K)]
  0x00000211d76ed6a0 JavaThread "Unconstrained build operations Thread 31"        [_thread_blocked, id=17456, stack(0x000000c414a00000,0x000000c414b00000) (1024K)]
  0x00000211d76efe00 JavaThread "Unconstrained build operations Thread 32"        [_thread_blocked, id=22032, stack(0x000000c414b00000,0x000000c414c00000) (1024K)]
  0x00000211d76ed010 JavaThread "Unconstrained build operations Thread 33"        [_thread_blocked, id=17656, stack(0x000000c414c00000,0x000000c414d00000) (1024K)]
  0x00000211d76edd30 JavaThread "Unconstrained build operations Thread 34"        [_thread_blocked, id=22636, stack(0x000000c414d00000,0x000000c414e00000) (1024K)]
  0x00000211d76ee3c0 JavaThread "Unconstrained build operations Thread 35"        [_thread_blocked, id=17260, stack(0x000000c414e00000,0x000000c414f00000) (1024K)]
  0x00000211d76eea50 JavaThread "Unconstrained build operations Thread 36"        [_thread_blocked, id=1360, stack(0x000000c414f00000,0x000000c415000000) (1024K)]
  0x00000211d76ef770 JavaThread "Unconstrained build operations Thread 37"        [_thread_blocked, id=15164, stack(0x000000c415000000,0x000000c415100000) (1024K)]
  0x00000211d7f73910 JavaThread "Unconstrained build operations Thread 38"        [_thread_blocked, id=21784, stack(0x000000c415100000,0x000000c415200000) (1024K)]
  0x00000211d7f73fa0 JavaThread "Unconstrained build operations Thread 39"        [_thread_blocked, id=17132, stack(0x000000c415200000,0x000000c415300000) (1024K)]
  0x00000211d7f71ed0 JavaThread "Unconstrained build operations Thread 40"        [_thread_blocked, id=12580, stack(0x000000c415300000,0x000000c415400000) (1024K)]
  0x00000211d7f71840 JavaThread "Unconstrained build operations Thread 41"        [_thread_blocked, id=22608, stack(0x000000c415400000,0x000000c415500000) (1024K)]
  0x00000211d7f70b20 JavaThread "Unconstrained build operations Thread 42"        [_thread_blocked, id=19372, stack(0x000000c415500000,0x000000c415600000) (1024K)]
  0x00000211d7f711b0 JavaThread "Unconstrained build operations Thread 43"        [_thread_blocked, id=23776, stack(0x000000c415600000,0x000000c415700000) (1024K)]
  0x00000211d7f74630 JavaThread "Unconstrained build operations Thread 44"        [_thread_blocked, id=5920, stack(0x000000c415700000,0x000000c415800000) (1024K)]
  0x00000211d7f72560 JavaThread "Unconstrained build operations Thread 45"        [_thread_blocked, id=21632, stack(0x000000c415800000,0x000000c415900000) (1024K)]
  0x00000211d7f74cc0 JavaThread "build event listener"              [_thread_blocked, id=22908, stack(0x000000c414300000,0x000000c414400000) (1024K)]
  0x00000211d7f72bf0 JavaThread "Memory manager"                    [_thread_blocked, id=13496, stack(0x000000c415a00000,0x000000c415b00000) (1024K)]
  0x00000211d525b780 JavaThread "build event listener"              [_thread_blocked, id=23740, stack(0x000000c415c00000,0x000000c415d00000) (1024K)]
  0x00000211d525cb30 JavaThread "pool-3-thread-1"                   [_thread_blocked, id=18452, stack(0x000000c415b00000,0x000000c415c00000) (1024K)]
  0x00000211d525c4a0 JavaThread "build event listener"              [_thread_blocked, id=16156, stack(0x000000c415d00000,0x000000c415e00000) (1024K)]
  0x00000211d525e570 JavaThread "included builds"                   [_thread_blocked, id=18908, stack(0x000000c415e00000,0x000000c415f00000) (1024K)]
  0x00000211d525b0f0 JavaThread "Execution worker"                  [_thread_blocked, id=23020, stack(0x000000c415f00000,0x000000c416000000) (1024K)]
  0x00000211d525ec00 JavaThread "Execution worker Thread 2"         [_thread_blocked, id=16992, stack(0x000000c416000000,0x000000c416100000) (1024K)]
  0x00000211d525f290 JavaThread "Execution worker Thread 3"         [_thread_blocked, id=7112, stack(0x000000c416100000,0x000000c416200000) (1024K)]
  0x00000211d6ae1f30 JavaThread "Execution worker Thread 4"         [_thread_blocked, id=15328, stack(0x000000c416200000,0x000000c416300000) (1024K)]
  0x00000211d6ae25c0 JavaThread "Execution worker Thread 5"         [_thread_blocked, id=23376, stack(0x000000c416300000,0x000000c416400000) (1024K)]
  0x00000211d6adf140 JavaThread "Execution worker Thread 6"         [_thread_blocked, id=15572, stack(0x000000c416400000,0x000000c416500000) (1024K)]
  0x00000211d6adf7d0 JavaThread "Execution worker Thread 7"         [_thread_in_native, id=20796, stack(0x000000c416500000,0x000000c416600000) (1024K)]
  0x00000211d6adfe60 JavaThread "Cache worker for execution history cache (C:\Code Practice\StreetAssist\.gradle\9.3.1\executionHistory)"        [_thread_blocked, id=9904, stack(0x000000c416600000,0x000000c416700000) (1024K)]
Total: 99

Other Threads:
  0x00000211d090eb80 VMThread "VM Thread"                           [id=3580, stack(0x000000c40fa00000,0x000000c40fb00000) (1024K)]
  0x00000211d08ddf10 WatcherThread "VM Periodic Task Thread"        [id=12216, stack(0x000000c40f900000,0x000000c40fa00000) (1024K)]
  0x00000211b6fbe010 WorkerThread "GC Thread#0"                     [id=21828, stack(0x000000c40f400000,0x000000c40f500000) (1024K)]
  0x00000211d564ef60 WorkerThread "GC Thread#1"                     [id=24456, stack(0x000000c410600000,0x000000c410700000) (1024K)]
  0x00000211d564f300 WorkerThread "GC Thread#2"                     [id=17064, stack(0x000000c410700000,0x000000c410800000) (1024K)]
  0x00000211d564f6a0 WorkerThread "GC Thread#3"                     [id=7744, stack(0x000000c410800000,0x000000c410900000) (1024K)]
  0x00000211d564fa40 WorkerThread "GC Thread#4"                     [id=8072, stack(0x000000c410900000,0x000000c410a00000) (1024K)]
  0x00000211d73ae0b0 WorkerThread "GC Thread#5"                     [id=9372, stack(0x000000c410a00000,0x000000c410b00000) (1024K)]
  0x00000211d51565b0 WorkerThread "GC Thread#6"                     [id=19360, stack(0x000000c410b00000,0x000000c410c00000) (1024K)]
  0x00000211d644e050 WorkerThread "GC Thread#7"                     [id=24368, stack(0x000000c410c00000,0x000000c410d00000) (1024K)]
  0x00000211b7194ab0 ConcurrentGCThread "G1 Main Marker"            [id=24076, stack(0x000000c40f500000,0x000000c40f600000) (1024K)]
  0x00000211b71953c0 WorkerThread "G1 Conc#0"                       [id=23256, stack(0x000000c40f600000,0x000000c40f700000) (1024K)]
  0x00000211d762b600 WorkerThread "G1 Conc#1"                       [id=15296, stack(0x000000c411400000,0x000000c411500000) (1024K)]
  0x00000211d07b0800 ConcurrentGCThread "G1 Refine#0"               [id=20644, stack(0x000000c40f700000,0x000000c40f800000) (1024K)]
  0x00000211d07b1120 ConcurrentGCThread "G1 Service"                [id=23424, stack(0x000000c40f800000,0x000000c40f900000) (1024K)]
Total: 15

Threads with active compile tasks:
C2 CompilerThread0  41315 13564       4       org.gradle.internal.component.model.DefaultExternalModuleComponentGraphResolveState$DefaultConfigurationGraphResolveState::getAttributes (10 bytes)
C1 CompilerThread0  41315 13628       3       org.gradle.api.internal.artifacts.ivyservice.ivyresolve.CachingModuleComponentRepository::attachRepositorySource (37 bytes)
Total: 2

VM state: not at safepoint (normal execution)

VM Mutex/Monitor currently owned by a thread: None

Heap address: 0x0000000080000000, size: 2048 MB, Compressed Oops mode: 32-bit

CDS archive(s) not mapped
Compressed class space mapped at: 0x0000000100000000-0x0000000140000000, reserved size: 1073741824
Narrow klass base: 0x0000000000000000, Narrow klass shift: 3, Narrow klass range: 0x140000000

GC Precious Log:
 CardTable entry size: 512
 Card Set container configuration: InlinePtr #cards 5 size 8 Array Of Cards #cards 12 size 40 Howl #buckets 4 coarsen threshold 1843 Howl Bitmap #cards 512 size 80 coarsen threshold 460 Card regions per heap region 1 cards per card region 2048
 CPUs: 8 total, 8 available
 Memory: 14257M
 Large Page Support: Disabled
 NUMA Support: Disabled
 Compressed Oops: Enabled (32-bit)
 Heap Region Size: 1M
 Heap Min Capacity: 8M
 Heap Initial Capacity: 224M
 Heap Max Capacity: 2G
 Pre-touch: Disabled
 Parallel Workers: 8
 Concurrent Workers: 2
 Concurrent Refinement Workers: 8
 Periodic GC: Disabled

Heap:
 garbage-first heap   total 184320K, used 154624K [0x0000000080000000, 0x0000000100000000)
  region size 1024K, 38 young (38912K), 7 survivors (7168K)
 Metaspace       used 123441K, committed 125760K, reserved 1179648K
  class space    used 17212K, committed 18304K, reserved 1048576K

Heap Regions: E=young(eden), S=young(survivor), O=old, HS=humongous(starts), HC=humongous(continues), CS=collection set, F=free, TAMS=top-at-mark-start, PB=parsable bottom
|   0|0x0000000080000000, 0x0000000080100000, 0x0000000080100000|100%|HS|  |TAMS 0x0000000080000000| PB 0x0000000080000000| Complete 
|   1|0x0000000080100000, 0x0000000080200000, 0x0000000080200000|100%|HC|  |TAMS 0x0000000080100000| PB 0x0000000080100000| Complete 
|   2|0x0000000080200000, 0x0000000080300000, 0x0000000080300000|100%|HC|  |TAMS 0x0000000080200000| PB 0x0000000080200000| Complete 
|   3|0x0000000080300000, 0x0000000080400000, 0x0000000080400000|100%|HC|  |TAMS 0x0000000080300000| PB 0x0000000080300000| Complete 
|   4|0x0000000080400000, 0x0000000080500000, 0x0000000080500000|100%| O|  |TAMS 0x0000000080400000| PB 0x0000000080400000| Untracked 
|   5|0x0000000080500000, 0x0000000080600000, 0x0000000080600000|100%| O|  |TAMS 0x0000000080500000| PB 0x0000000080500000| Untracked 
|   6|0x0000000080600000, 0x0000000080700000, 0x0000000080700000|100%| O|  |TAMS 0x0000000080600000| PB 0x0000000080600000| Untracked 
|   7|0x0000000080700000, 0x0000000080800000, 0x0000000080800000|100%|HS|  |TAMS 0x0000000080700000| PB 0x0000000080700000| Complete 
|   8|0x0000000080800000, 0x0000000080900000, 0x0000000080900000|100%| O|  |TAMS 0x0000000080800000| PB 0x0000000080800000| Untracked 
|   9|0x0000000080900000, 0x0000000080a00000, 0x0000000080a00000|100%| O|  |TAMS 0x0000000080900000| PB 0x0000000080900000| Untracked 
|  10|0x0000000080a00000, 0x0000000080b00000, 0x0000000080b00000|100%| O|  |TAMS 0x0000000080a00000| PB 0x0000000080a00000| Untracked 
|  11|0x0000000080b00000, 0x0000000080c00000, 0x0000000080c00000|100%| O|  |TAMS 0x0000000080b00000| PB 0x0000000080b00000| Untracked 
|  12|0x0000000080c00000, 0x0000000080d00000, 0x0000000080d00000|100%| O|  |TAMS 0x0000000080c00000| PB 0x0000000080c00000| Untracked 
|  13|0x0000000080d00000, 0x0000000080e00000, 0x0000000080e00000|100%| O|  |TAMS 0x0000000080d00000| PB 0x0000000080d00000| Untracked 
|  14|0x0000000080e00000, 0x0000000080f00000, 0x0000000080f00000|100%| O|  |TAMS 0x0000000080e00000| PB 0x0000000080e00000| Untracked 
|  15|0x0000000080f00000, 0x0000000081000000, 0x0000000081000000|100%| O|  |TAMS 0x0000000080f00000| PB 0x0000000080f00000| Untracked 
|  16|0x0000000081000000, 0x0000000081100000, 0x0000000081100000|100%| O|  |TAMS 0x0000000081000000| PB 0x0000000081000000| Untracked 
|  17|0x0000000081100000, 0x0000000081200000, 0x0000000081200000|100%| O|  |TAMS 0x0000000081100000| PB 0x0000000081100000| Untracked 
|  18|0x0000000081200000, 0x0000000081300000, 0x0000000081300000|100%| O|  |TAMS 0x0000000081200000| PB 0x0000000081200000| Untracked 
|  19|0x0000000081300000, 0x0000000081400000, 0x0000000081400000|100%| O|  |TAMS 0x0000000081300000| PB 0x0000000081300000| Untracked 
|  20|0x0000000081400000, 0x0000000081500000, 0x0000000081500000|100%| O|  |TAMS 0x0000000081400000| PB 0x0000000081400000| Untracked 
|  21|0x0000000081500000, 0x0000000081600000, 0x0000000081600000|100%| O|  |TAMS 0x0000000081500000| PB 0x0000000081500000| Untracked 
|  22|0x0000000081600000, 0x0000000081700000, 0x0000000081700000|100%| O|  |TAMS 0x0000000081600000| PB 0x0000000081600000| Untracked 
|  23|0x0000000081700000, 0x0000000081800000, 0x0000000081800000|100%| O|  |TAMS 0x0000000081700000| PB 0x0000000081700000| Untracked 
|  24|0x0000000081800000, 0x0000000081900000, 0x0000000081900000|100%| O|  |TAMS 0x0000000081800000| PB 0x0000000081800000| Untracked 
|  25|0x0000000081900000, 0x0000000081a00000, 0x0000000081a00000|100%| O|  |TAMS 0x0000000081900000| PB 0x0000000081900000| Untracked 
|  26|0x0000000081a00000, 0x0000000081b00000, 0x0000000081b00000|100%| O|  |TAMS 0x0000000081a00000| PB 0x0000000081a00000| Untracked 
|  27|0x0000000081b00000, 0x0000000081c00000, 0x0000000081c00000|100%| O|  |TAMS 0x0000000081b00000| PB 0x0000000081b00000| Untracked 
|  28|0x0000000081c00000, 0x0000000081d00000, 0x0000000081d00000|100%| O|  |TAMS 0x0000000081c00000| PB 0x0000000081c00000| Untracked 
|  29|0x0000000081d00000, 0x0000000081e00000, 0x0000000081e00000|100%| O|  |TAMS 0x0000000081d00000| PB 0x0000000081d00000| Untracked 
|  30|0x0000000081e00000, 0x0000000081f00000, 0x0000000081f00000|100%| O|  |TAMS 0x0000000081e00000| PB 0x0000000081e00000| Untracked 
|  31|0x0000000081f00000, 0x0000000082000000, 0x0000000082000000|100%| O|  |TAMS 0x0000000081f00000| PB 0x0000000081f00000| Untracked 
|  32|0x0000000082000000, 0x0000000082100000, 0x0000000082100000|100%| O|  |TAMS 0x0000000082000000| PB 0x0000000082000000| Untracked 
|  33|0x0000000082100000, 0x0000000082200000, 0x0000000082200000|100%| O|  |TAMS 0x0000000082100000| PB 0x0000000082100000| Untracked 
|  34|0x0000000082200000, 0x0000000082300000, 0x0000000082300000|100%| O|  |TAMS 0x0000000082200000| PB 0x0000000082200000| Untracked 
|  35|0x0000000082300000, 0x0000000082400000, 0x0000000082400000|100%|HS|  |TAMS 0x0000000082300000| PB 0x0000000082300000| Complete 
|  36|0x0000000082400000, 0x0000000082500000, 0x0000000082500000|100%|HC|  |TAMS 0x0000000082400000| PB 0x0000000082400000| Complete 
|  37|0x0000000082500000, 0x0000000082600000, 0x0000000082600000|100%| O|  |TAMS 0x0000000082500000| PB 0x0000000082500000| Untracked 
|  38|0x0000000082600000, 0x0000000082700000, 0x0000000082700000|100%| O|  |TAMS 0x0000000082600000| PB 0x0000000082600000| Untracked 
|  39|0x0000000082700000, 0x0000000082800000, 0x0000000082800000|100%| O|  |TAMS 0x0000000082700000| PB 0x0000000082700000| Untracked 
|  40|0x0000000082800000, 0x0000000082900000, 0x0000000082900000|100%| O|  |TAMS 0x0000000082800000| PB 0x0000000082800000| Untracked 
|  41|0x0000000082900000, 0x0000000082a00000, 0x0000000082a00000|100%| O|  |TAMS 0x0000000082900000| PB 0x0000000082900000| Untracked 
|  42|0x0000000082a00000, 0x0000000082b00000, 0x0000000082b00000|100%| O|  |TAMS 0x0000000082a00000| PB 0x0000000082a00000| Untracked 
|  43|0x0000000082b00000, 0x0000000082c00000, 0x0000000082c00000|100%| O|  |TAMS 0x0000000082b00000| PB 0x0000000082b00000| Untracked 
|  44|0x0000000082c00000, 0x0000000082d00000, 0x0000000082d00000|100%| O|  |TAMS 0x0000000082c00000| PB 0x0000000082c00000| Untracked 
|  45|0x0000000082d00000, 0x0000000082e00000, 0x0000000082e00000|100%| O|  |TAMS 0x0000000082d00000| PB 0x0000000082d00000| Untracked 
|  46|0x0000000082e00000, 0x0000000082f00000, 0x0000000082f00000|100%| O|  |TAMS 0x0000000082e00000| PB 0x0000000082e00000| Untracked 
|  47|0x0000000082f00000, 0x0000000083000000, 0x0000000083000000|100%| O|  |TAMS 0x0000000082f00000| PB 0x0000000082f00000| Untracked 
|  48|0x0000000083000000, 0x0000000083100000, 0x0000000083100000|100%| O|Cm|TAMS 0x0000000083000000| PB 0x0000000083000000| Complete 
|  49|0x0000000083100000, 0x0000000083200000, 0x0000000083200000|100%| O|  |TAMS 0x0000000083100000| PB 0x0000000083100000| Untracked 
|  50|0x0000000083200000, 0x0000000083300000, 0x0000000083300000|100%| O|  |TAMS 0x0000000083200000| PB 0x0000000083200000| Untracked 
|  51|0x0000000083300000, 0x0000000083400000, 0x0000000083400000|100%| O|  |TAMS 0x0000000083300000| PB 0x0000000083300000| Untracked 
|  52|0x0000000083400000, 0x0000000083500000, 0x0000000083500000|100%| O|  |TAMS 0x0000000083400000| PB 0x0000000083400000| Untracked 
|  53|0x0000000083500000, 0x0000000083600000, 0x0000000083600000|100%|HS|  |TAMS 0x0000000083500000| PB 0x0000000083500000| Complete 
|  54|0x0000000083600000, 0x0000000083700000, 0x0000000083700000|100%| O|  |TAMS 0x0000000083600000| PB 0x0000000083600000| Untracked 
|  55|0x0000000083700000, 0x0000000083800000, 0x0000000083800000|100%| O|  |TAMS 0x0000000083700000| PB 0x0000000083700000| Untracked 
|  56|0x0000000083800000, 0x0000000083900000, 0x0000000083900000|100%| O|  |TAMS 0x0000000083800000| PB 0x0000000083800000| Untracked 
|  57|0x0000000083900000, 0x0000000083a00000, 0x0000000083a00000|100%| O|  |TAMS 0x0000000083900000| PB 0x0000000083900000| Untracked 
|  58|0x0000000083a00000, 0x0000000083b00000, 0x0000000083b00000|100%|HS|  |TAMS 0x0000000083a00000| PB 0x0000000083a00000| Complete 
|  59|0x0000000083b00000, 0x0000000083c00000, 0x0000000083c00000|100%| O|  |TAMS 0x0000000083b00000| PB 0x0000000083b00000| Untracked 
|  60|0x0000000083c00000, 0x0000000083d00000, 0x0000000083d00000|100%| O|  |TAMS 0x0000000083c00000| PB 0x0000000083c00000| Untracked 
|  61|0x0000000083d00000, 0x0000000083e00000, 0x0000000083e00000|100%|HS|  |TAMS 0x0000000083d00000| PB 0x0000000083d00000| Complete 
|  62|0x0000000083e00000, 0x0000000083f00000, 0x0000000083f00000|100%| O|  |TAMS 0x0000000083e00000| PB 0x0000000083e00000| Untracked 
|  63|0x0000000083f00000, 0x0000000084000000, 0x0000000084000000|100%| O|  |TAMS 0x0000000083f00000| PB 0x0000000083f00000| Untracked 
|  64|0x0000000084000000, 0x0000000084100000, 0x0000000084100000|100%|HS|  |TAMS 0x0000000084000000| PB 0x0000000084000000| Complete 
|  65|0x0000000084100000, 0x0000000084200000, 0x0000000084200000|100%|HC|  |TAMS 0x0000000084100000| PB 0x0000000084100000| Complete 
|  66|0x0000000084200000, 0x0000000084300000, 0x0000000084300000|100%|HS|  |TAMS 0x0000000084200000| PB 0x0000000084200000| Complete 
|  67|0x0000000084300000, 0x0000000084400000, 0x0000000084400000|100%| O|  |TAMS 0x0000000084300000| PB 0x0000000084300000| Untracked 
|  68|0x0000000084400000, 0x0000000084500000, 0x0000000084500000|100%|HS|  |TAMS 0x0000000084400000| PB 0x0000000084400000| Complete 
|  69|0x0000000084500000, 0x0000000084600000, 0x0000000084600000|100%|HS|  |TAMS 0x0000000084500000| PB 0x0000000084500000| Complete 
|  70|0x0000000084600000, 0x0000000084700000, 0x0000000084700000|100%| O|  |TAMS 0x0000000084600000| PB 0x0000000084600000| Untracked 
|  71|0x0000000084700000, 0x0000000084800000, 0x0000000084800000|100%| O|  |TAMS 0x0000000084700000| PB 0x0000000084700000| Untracked 
|  72|0x0000000084800000, 0x0000000084900000, 0x0000000084900000|100%| O|  |TAMS 0x0000000084800000| PB 0x0000000084800000| Untracked 
|  73|0x0000000084900000, 0x0000000084a00000, 0x0000000084a00000|100%| O|  |TAMS 0x0000000084900000| PB 0x0000000084900000| Untracked 
|  74|0x0000000084a00000, 0x0000000084b00000, 0x0000000084b00000|100%| O|  |TAMS 0x0000000084a00000| PB 0x0000000084a00000| Untracked 
|  75|0x0000000084b00000, 0x0000000084c00000, 0x0000000084c00000|100%| O|  |TAMS 0x0000000084b00000| PB 0x0000000084b00000| Untracked 
|  76|0x0000000084c00000, 0x0000000084d00000, 0x0000000084d00000|100%| O|  |TAMS 0x0000000084c00000| PB 0x0000000084c00000| Untracked 
|  77|0x0000000084d00000, 0x0000000084e00000, 0x0000000084e00000|100%|HS|  |TAMS 0x0000000084d00000| PB 0x0000000084d00000| Complete 
|  78|0x0000000084e00000, 0x0000000084f00000, 0x0000000084f00000|100%|HC|  |TAMS 0x0000000084e00000| PB 0x0000000084e00000| Complete 
|  79|0x0000000084f00000, 0x0000000085000000, 0x0000000085000000|100%| O|  |TAMS 0x0000000084f00000| PB 0x0000000084f00000| Untracked 
|  80|0x0000000085000000, 0x0000000085100000, 0x0000000085100000|100%| O|  |TAMS 0x0000000085000000| PB 0x0000000085000000| Untracked 
|  81|0x0000000085100000, 0x0000000085200000, 0x0000000085200000|100%|HS|  |TAMS 0x0000000085100000| PB 0x0000000085100000| Complete 
|  82|0x0000000085200000, 0x0000000085300000, 0x0000000085300000|100%| O|  |TAMS 0x0000000085200000| PB 0x0000000085200000| Untracked 
|  83|0x0000000085300000, 0x0000000085400000, 0x0000000085400000|100%| O|  |TAMS 0x0000000085300000| PB 0x0000000085300000| Untracked 
|  84|0x0000000085400000, 0x0000000085500000, 0x0000000085500000|100%| O|  |TAMS 0x0000000085400000| PB 0x0000000085400000| Untracked 
|  85|0x0000000085500000, 0x0000000085600000, 0x0000000085600000|100%| O|  |TAMS 0x0000000085500000| PB 0x0000000085500000| Untracked 
|  86|0x0000000085600000, 0x0000000085700000, 0x0000000085700000|100%| O|  |TAMS 0x0000000085600000| PB 0x0000000085600000| Untracked 
|  87|0x0000000085700000, 0x0000000085800000, 0x0000000085800000|100%| O|  |TAMS 0x0000000085700000| PB 0x0000000085700000| Untracked 
|  88|0x0000000085800000, 0x0000000085900000, 0x0000000085900000|100%| O|  |TAMS 0x0000000085800000| PB 0x0000000085800000| Untracked 
|  89|0x0000000085900000, 0x0000000085a00000, 0x0000000085a00000|100%| O|  |TAMS 0x0000000085900000| PB 0x0000000085900000| Untracked 
|  90|0x0000000085a00000, 0x0000000085b00000, 0x0000000085b00000|100%|HS|  |TAMS 0x0000000085a00000| PB 0x0000000085a00000| Complete 
|  91|0x0000000085b00000, 0x0000000085c00000, 0x0000000085c00000|100%| O|  |TAMS 0x0000000085b00000| PB 0x0000000085b00000| Untracked 
|  92|0x0000000085c00000, 0x0000000085d00000, 0x0000000085d00000|100%| O|Cm|TAMS 0x0000000085c00000| PB 0x0000000085c00000| Complete 
|  93|0x0000000085d00000, 0x0000000085e00000, 0x0000000085e00000|100%| O|  |TAMS 0x0000000085d00000| PB 0x0000000085d00000| Untracked 
|  94|0x0000000085e00000, 0x0000000085f00000, 0x0000000085f00000|100%| O|  |TAMS 0x0000000085e00000| PB 0x0000000085e00000| Untracked 
|  95|0x0000000085f00000, 0x0000000086000000, 0x0000000086000000|100%| O|  |TAMS 0x0000000085f00000| PB 0x0000000085f00000| Untracked 
|  96|0x0000000086000000, 0x0000000086100000, 0x0000000086100000|100%| O|  |TAMS 0x0000000086000000| PB 0x0000000086000000| Untracked 
|  97|0x0000000086100000, 0x0000000086200000, 0x0000000086200000|100%| O|  |TAMS 0x0000000086100000| PB 0x0000000086100000| Untracked 
|  98|0x0000000086200000, 0x0000000086300000, 0x0000000086300000|100%| O|  |TAMS 0x0000000086200000| PB 0x0000000086200000| Untracked 
|  99|0x0000000086300000, 0x0000000086400000, 0x0000000086400000|100%| O|  |TAMS 0x0000000086300000| PB 0x0000000086300000| Untracked 
| 100|0x0000000086400000, 0x0000000086500000, 0x0000000086500000|100%| O|  |TAMS 0x0000000086400000| PB 0x0000000086400000| Untracked 
| 101|0x0000000086500000, 0x0000000086600000, 0x0000000086600000|100%| O|  |TAMS 0x0000000086500000| PB 0x0000000086500000| Untracked 
| 102|0x0000000086600000, 0x0000000086700000, 0x0000000086700000|100%|HS|  |TAMS 0x0000000086600000| PB 0x0000000086600000| Complete 
| 103|0x0000000086700000, 0x0000000086800000, 0x0000000086800000|100%|HS|  |TAMS 0x0000000086700000| PB 0x0000000086700000| Complete 
| 104|0x0000000086800000, 0x0000000086900000, 0x0000000086900000|100%|HS|  |TAMS 0x0000000086800000| PB 0x0000000086800000| Complete 
| 105|0x0000000086900000, 0x0000000086a00000, 0x0000000086a00000|100%|HS|  |TAMS 0x0000000086900000| PB 0x0000000086900000| Complete 
| 106|0x0000000086a00000, 0x0000000086a00000, 0x0000000086b00000|  0%| F|  |TAMS 0x0000000086a00000| PB 0x0000000086a00000| Untracked 
| 107|0x0000000086b00000, 0x0000000086b00000, 0x0000000086c00000|  0%| F|  |TAMS 0x0000000086b00000| PB 0x0000000086b00000| Untracked 
| 108|0x0000000086c00000, 0x0000000086d00000, 0x0000000086d00000|100%| O|  |TAMS 0x0000000086c00000| PB 0x0000000086c00000| Untracked 
| 109|0x0000000086d00000, 0x0000000086e00000, 0x0000000086e00000|100%| O|  |TAMS 0x0000000086d00000| PB 0x0000000086d00000| Untracked 
| 110|0x0000000086e00000, 0x0000000086f00000, 0x0000000086f00000|100%| O|  |TAMS 0x0000000086e00000| PB 0x0000000086e00000| Untracked 
| 111|0x0000000086f00000, 0x0000000087000000, 0x0000000087000000|100%| O|  |TAMS 0x0000000086f00000| PB 0x0000000086f00000| Untracked 
| 112|0x0000000087000000, 0x0000000087100000, 0x0000000087100000|100%| O|  |TAMS 0x0000000087000000| PB 0x0000000087000000| Untracked 
| 113|0x0000000087100000, 0x0000000087100000, 0x0000000087200000|  0%| F|  |TAMS 0x0000000087100000| PB 0x0000000087100000| Untracked 
| 114|0x0000000087200000, 0x0000000087200000, 0x0000000087300000|  0%| F|  |TAMS 0x0000000087200000| PB 0x0000000087200000| Untracked 
| 115|0x0000000087300000, 0x0000000087300000, 0x0000000087400000|  0%| F|  |TAMS 0x0000000087300000| PB 0x0000000087300000| Untracked 
| 116|0x0000000087400000, 0x0000000087400000, 0x0000000087500000|  0%| F|  |TAMS 0x0000000087400000| PB 0x0000000087400000| Untracked 
| 117|0x0000000087500000, 0x0000000087500000, 0x0000000087600000|  0%| F|  |TAMS 0x0000000087500000| PB 0x0000000087500000| Untracked 
| 118|0x0000000087600000, 0x0000000087600000, 0x0000000087700000|  0%| F|  |TAMS 0x0000000087600000| PB 0x0000000087600000| Untracked 
| 119|0x0000000087700000, 0x0000000087700000, 0x0000000087800000|  0%| F|  |TAMS 0x0000000087700000| PB 0x0000000087700000| Untracked 
| 120|0x0000000087800000, 0x0000000087900000, 0x0000000087900000|100%| S|CS|TAMS 0x0000000087800000| PB 0x0000000087800000| Complete 
| 121|0x0000000087900000, 0x0000000087a00000, 0x0000000087a00000|100%| S|CS|TAMS 0x0000000087900000| PB 0x0000000087900000| Complete 
| 122|0x0000000087a00000, 0x0000000087b00000, 0x0000000087b00000|100%| S|CS|TAMS 0x0000000087a00000| PB 0x0000000087a00000| Complete 
| 123|0x0000000087b00000, 0x0000000087c00000, 0x0000000087c00000|100%| S|CS|TAMS 0x0000000087b00000| PB 0x0000000087b00000| Complete 
| 124|0x0000000087c00000, 0x0000000087d00000, 0x0000000087d00000|100%| S|CS|TAMS 0x0000000087c00000| PB 0x0000000087c00000| Complete 
| 125|0x0000000087d00000, 0x0000000087e00000, 0x0000000087e00000|100%| S|CS|TAMS 0x0000000087d00000| PB 0x0000000087d00000| Complete 
| 126|0x0000000087e00000, 0x0000000087f00000, 0x0000000087f00000|100%| S|CS|TAMS 0x0000000087e00000| PB 0x0000000087e00000| Complete 
| 127|0x0000000087f00000, 0x0000000087f00000, 0x0000000088000000|  0%| F|  |TAMS 0x0000000087f00000| PB 0x0000000087f00000| Untracked 
| 128|0x0000000088000000, 0x0000000088000000, 0x0000000088100000|  0%| F|  |TAMS 0x0000000088000000| PB 0x0000000088000000| Untracked 
| 129|0x0000000088100000, 0x0000000088100000, 0x0000000088200000|  0%| F|  |TAMS 0x0000000088100000| PB 0x0000000088100000| Untracked 
| 130|0x0000000088200000, 0x0000000088200000, 0x0000000088300000|  0%| F|  |TAMS 0x0000000088200000| PB 0x0000000088200000| Untracked 
| 131|0x0000000088300000, 0x0000000088300000, 0x0000000088400000|  0%| F|  |TAMS 0x0000000088300000| PB 0x0000000088300000| Untracked 
| 132|0x0000000088400000, 0x0000000088400000, 0x0000000088500000|  0%| F|  |TAMS 0x0000000088400000| PB 0x0000000088400000| Untracked 
| 133|0x0000000088500000, 0x0000000088500000, 0x0000000088600000|  0%| F|  |TAMS 0x0000000088500000| PB 0x0000000088500000| Untracked 
| 134|0x0000000088600000, 0x0000000088600000, 0x0000000088700000|  0%| F|  |TAMS 0x0000000088600000| PB 0x0000000088600000| Untracked 
| 135|0x0000000088700000, 0x0000000088700000, 0x0000000088800000|  0%| F|  |TAMS 0x0000000088700000| PB 0x0000000088700000| Untracked 
| 136|0x0000000088800000, 0x0000000088800000, 0x0000000088900000|  0%| F|  |TAMS 0x0000000088800000| PB 0x0000000088800000| Untracked 
| 137|0x0000000088900000, 0x0000000088900000, 0x0000000088a00000|  0%| F|  |TAMS 0x0000000088900000| PB 0x0000000088900000| Untracked 
| 138|0x0000000088a00000, 0x0000000088a00000, 0x0000000088b00000|  0%| F|  |TAMS 0x0000000088a00000| PB 0x0000000088a00000| Untracked 
| 139|0x0000000088b00000, 0x0000000088b00000, 0x0000000088c00000|  0%| F|  |TAMS 0x0000000088b00000| PB 0x0000000088b00000| Untracked 
| 140|0x0000000088c00000, 0x0000000088c00000, 0x0000000088d00000|  0%| F|  |TAMS 0x0000000088c00000| PB 0x0000000088c00000| Untracked 
| 141|0x0000000088d00000, 0x0000000088d00000, 0x0000000088e00000|  0%| F|  |TAMS 0x0000000088d00000| PB 0x0000000088d00000| Untracked 
| 142|0x0000000088e00000, 0x0000000088e00000, 0x0000000088f00000|  0%| F|  |TAMS 0x0000000088e00000| PB 0x0000000088e00000| Untracked 
| 143|0x0000000088f00000, 0x0000000088f00000, 0x0000000089000000|  0%| F|  |TAMS 0x0000000088f00000| PB 0x0000000088f00000| Untracked 
| 144|0x0000000089000000, 0x0000000089000000, 0x0000000089100000|  0%| F|  |TAMS 0x0000000089000000| PB 0x0000000089000000| Untracked 
| 145|0x0000000089100000, 0x0000000089175c78, 0x0000000089200000| 46%| E|  |TAMS 0x0000000089100000| PB 0x0000000089100000| Complete 
| 146|0x0000000089200000, 0x0000000089300000, 0x0000000089300000|100%| E|CS|TAMS 0x0000000089200000| PB 0x0000000089200000| Complete 
| 147|0x0000000089300000, 0x0000000089400000, 0x0000000089400000|100%| E|CS|TAMS 0x0000000089300000| PB 0x0000000089300000| Complete 
| 148|0x0000000089400000, 0x0000000089500000, 0x0000000089500000|100%| E|CS|TAMS 0x0000000089400000| PB 0x0000000089400000| Complete 
| 149|0x0000000089500000, 0x0000000089600000, 0x0000000089600000|100%| E|CS|TAMS 0x0000000089500000| PB 0x0000000089500000| Complete 
| 150|0x0000000089600000, 0x0000000089700000, 0x0000000089700000|100%| E|CS|TAMS 0x0000000089600000| PB 0x0000000089600000| Complete 
| 151|0x0000000089700000, 0x0000000089800000, 0x0000000089800000|100%| E|CS|TAMS 0x0000000089700000| PB 0x0000000089700000| Complete 
| 152|0x0000000089800000, 0x0000000089900000, 0x0000000089900000|100%| E|CS|TAMS 0x0000000089800000| PB 0x0000000089800000| Complete 
| 153|0x0000000089900000, 0x0000000089a00000, 0x0000000089a00000|100%| E|CS|TAMS 0x0000000089900000| PB 0x0000000089900000| Complete 
| 154|0x0000000089a00000, 0x0000000089b00000, 0x0000000089b00000|100%| E|CS|TAMS 0x0000000089a00000| PB 0x0000000089a00000| Complete 
| 155|0x0000000089b00000, 0x0000000089c00000, 0x0000000089c00000|100%| E|  |TAMS 0x0000000089b00000| PB 0x0000000089b00000| Complete 
| 156|0x0000000089c00000, 0x0000000089d00000, 0x0000000089d00000|100%| E|CS|TAMS 0x0000000089c00000| PB 0x0000000089c00000| Complete 
| 157|0x0000000089d00000, 0x0000000089e00000, 0x0000000089e00000|100%| E|CS|TAMS 0x0000000089d00000| PB 0x0000000089d00000| Complete 
| 158|0x0000000089e00000, 0x0000000089f00000, 0x0000000089f00000|100%| E|CS|TAMS 0x0000000089e00000| PB 0x0000000089e00000| Complete 
| 159|0x0000000089f00000, 0x000000008a000000, 0x000000008a000000|100%| E|CS|TAMS 0x0000000089f00000| PB 0x0000000089f00000| Complete 
| 160|0x000000008a000000, 0x000000008a100000, 0x000000008a100000|100%| E|CS|TAMS 0x000000008a000000| PB 0x000000008a000000| Complete 
| 161|0x000000008a100000, 0x000000008a200000, 0x000000008a200000|100%| E|CS|TAMS 0x000000008a100000| PB 0x000000008a100000| Complete 
| 162|0x000000008a200000, 0x000000008a300000, 0x000000008a300000|100%| E|CS|TAMS 0x000000008a200000| PB 0x000000008a200000| Complete 
| 163|0x000000008a300000, 0x000000008a400000, 0x000000008a400000|100%| E|CS|TAMS 0x000000008a300000| PB 0x000000008a300000| Complete 
| 164|0x000000008a400000, 0x000000008a500000, 0x000000008a500000|100%| E|CS|TAMS 0x000000008a400000| PB 0x000000008a400000| Complete 
| 196|0x000000008c400000, 0x000000008c500000, 0x000000008c500000|100%| E|CS|TAMS 0x000000008c400000| PB 0x000000008c400000| Complete 
| 197|0x000000008c500000, 0x000000008c600000, 0x000000008c600000|100%| E|CS|TAMS 0x000000008c500000| PB 0x000000008c500000| Complete 
| 198|0x000000008c600000, 0x000000008c700000, 0x000000008c700000|100%| E|CS|TAMS 0x000000008c600000| PB 0x000000008c600000| Complete 
| 199|0x000000008c700000, 0x000000008c800000, 0x000000008c800000|100%| E|CS|TAMS 0x000000008c700000| PB 0x000000008c700000| Complete 
| 200|0x000000008c800000, 0x000000008c900000, 0x000000008c900000|100%| E|CS|TAMS 0x000000008c800000| PB 0x000000008c800000| Complete 
| 201|0x000000008c900000, 0x000000008ca00000, 0x000000008ca00000|100%| E|CS|TAMS 0x000000008c900000| PB 0x000000008c900000| Complete 
| 202|0x000000008ca00000, 0x000000008cb00000, 0x000000008cb00000|100%| E|CS|TAMS 0x000000008ca00000| PB 0x000000008ca00000| Complete 
| 203|0x000000008cb00000, 0x000000008cc00000, 0x000000008cc00000|100%| E|CS|TAMS 0x000000008cb00000| PB 0x000000008cb00000| Complete 
| 204|0x000000008cc00000, 0x000000008cd00000, 0x000000008cd00000|100%| E|CS|TAMS 0x000000008cc00000| PB 0x000000008cc00000| Complete 
| 223|0x000000008df00000, 0x000000008e000000, 0x000000008e000000|100%| E|CS|TAMS 0x000000008df00000| PB 0x000000008df00000| Complete 
|2043|0x00000000ffb00000, 0x00000000ffc00000, 0x00000000ffc00000|100%| O|  |TAMS 0x00000000ffb00000| PB 0x00000000ffb00000| Untracked 
|2044|0x00000000ffc00000, 0x00000000ffd00000, 0x00000000ffd00000|100%| O|  |TAMS 0x00000000ffc00000| PB 0x00000000ffc00000| Untracked 
|2045|0x00000000ffd00000, 0x00000000ffe00000, 0x00000000ffe00000|100%| O|Cm|TAMS 0x00000000ffd00000| PB 0x00000000ffd00000| Complete 
|2046|0x00000000ffe00000, 0x00000000fff00000, 0x00000000fff00000|100%| O|  |TAMS 0x00000000ffe00000| PB 0x00000000ffe00000| Untracked 
|2047|0x00000000fff00000, 0x0000000100000000, 0x0000000100000000|100%| E|CS|TAMS 0x00000000fff00000| PB 0x00000000fff00000| Complete 

Card table byte_map: [0x00000211cba00000,0x00000211cbe00000] _byte_map_base: 0x00000211cb600000

Marking Bits: (CMBitMap*) 0x00000211b6fbe620
 Bits: [0x00000211cbe00000, 0x00000211cde00000)

Polling page: 0x00000211b7590000

Metaspace:

Usage:
  Non-class:    103.74 MB used.
      Class:     16.81 MB used.
       Both:    120.55 MB used.

Virtual space:
  Non-class space:      128.00 MB reserved,     104.94 MB ( 82%) committed,  2 nodes.
      Class space:        1.00 GB reserved,      17.88 MB (  2%) committed,  1 nodes.
             Both:        1.12 GB reserved,     122.81 MB ( 11%) committed. 

Chunk freelists:
   Non-Class:  6.95 MB
       Class:  14.07 MB
        Both:  21.02 MB

MaxMetaspaceSize: unlimited
CompressedClassSpaceSize: 1.00 GB
Initial GC threshold: 21.00 MB
Current GC threshold: 197.12 MB
CDS: off
 - commit_granule_bytes: 65536.
 - commit_granule_words: 8192.
 - virtual_space_node_default_size: 8388608.
 - enlarge_chunks_in_place: 1.
 - use_allocation_guard: 0.


Internal statistics:

num_allocs_failed_limit: 9.
num_arena_births: 4558.
num_arena_deaths: 0.
num_vsnodes_births: 3.
num_vsnodes_deaths: 0.
num_space_committed: 1963.
num_space_uncommitted: 0.
num_chunks_returned_to_freelist: 9.
num_chunks_taken_from_freelist: 9705.
num_chunk_merges: 6.
num_chunk_splits: 6372.
num_chunks_enlarged: 4028.
num_inconsistent_stats: 0.

CodeHeap 'non-profiled nmethods': size=120000Kb used=7472Kb max_used=7472Kb free=112527Kb
 bounds [0x00000211c3650000, 0x00000211c3da0000, 0x00000211cab80000]
CodeHeap 'profiled nmethods': size=120000Kb used=21673Kb max_used=21673Kb free=98326Kb
 bounds [0x00000211bbb80000, 0x00000211bd0b0000, 0x00000211c30b0000]
CodeHeap 'non-nmethods': size=5760Kb used=2064Kb max_used=2142Kb free=3695Kb
 bounds [0x00000211c30b0000, 0x00000211c3320000, 0x00000211c3650000]
CodeCache: size=245760Kb, used=31209Kb, max_used=31287Kb, free=214548Kb
 total_blobs=12444, nmethods=11508, adapters=840, full_count=0
Compilation: enabled, stopped_count=0, restarted_count=0

Compilation events (20 events):
Event: 41.200 Thread 0x00000211d0b219d0 13588       3       org.gradle.api.internal.artifacts.ivyservice.resolveengine.graph.selectors.SelectorStateResolverResults::register (21 bytes)
Event: 41.200 Thread 0x00000211d0b219d0 nmethod 13588 0x00000211bd08bb90 code [0x00000211bd08bd60, 0x00000211bd08c160]
Event: 41.200 Thread 0x00000211d0b219d0 13589       3       org.gradle.api.internal.artifacts.ivyservice.resolveengine.graph.selectors.SelectorStateResolverResults$Registration::<init> (7 bytes)
Event: 41.200 Thread 0x00000211d0b219d0 nmethod 13589 0x00000211bd08c310 code [0x00000211bd08c4c0, 0x00000211bd08c740]
Event: 41.200 Thread 0x00000211d0b219d0 13590       3       org.gradle.api.internal.artifacts.ivyservice.resolveengine.graph.selectors.SelectorStateResolverResults$Registration::<init> (15 bytes)
Event: 41.201 Thread 0x00000211d0b219d0 nmethod 13590 0x00000211bd08c890 code [0x00000211bd08ca40, 0x00000211bd08cc60]
Event: 41.201 Thread 0x00000211d0b219d0 13591       3       org.gradle.api.internal.artifacts.ivyservice.resolveengine.graph.selectors.SelectorStateResolver::maybeResolvePreferConstraint (63 bytes)
Event: 41.202 Thread 0x00000211d0b219d0 nmethod 13591 0x00000211bd08cd10 code [0x00000211bd08cf80, 0x00000211bd08dac0]
Event: 41.206 Thread 0x00000211d0b219d0 13593       3       com.google.common.primitives.Longs::tryParse (232 bytes)
Event: 41.208 Thread 0x00000211d0b219d0 nmethod 13593 0x00000211bd08df90 code [0x00000211bd08e3e0, 0x00000211bd090258]
Event: 41.208 Thread 0x00000211d0b219d0 13594       3       org.gradle.api.internal.artifacts.ivyservice.resolveengine.strict.StrictVersionConstraints$1::intersect (4 bytes)
Event: 41.209 Thread 0x00000211d0b219d0 nmethod 13594 0x00000211bd090d90 code [0x00000211bd090f20, 0x00000211bd091038]
Event: 41.209 Thread 0x00000211d0b219d0 13592       3       com.google.common.primitives.Longs::tryParse (7 bytes)
Event: 41.209 Thread 0x00000211d0b219d0 nmethod 13592 0x00000211bd091110 code [0x00000211bd0912c0, 0x00000211bd0913e0]
Event: 41.209 Thread 0x00000211d0b219d0 13595       3       org.gradle.api.internal.artifacts.ivyservice.WritableArtifactCacheLockingAccessCoordinator$CacheLockingIndexedCache$$Lambda/0x00000001008cdeb8::get (12 bytes)
Event: 41.209 Thread 0x00000211d0b219d0 nmethod 13595 0x00000211bd091490 code [0x00000211bd091640, 0x00000211bd091880]
Event: 41.209 Thread 0x00000211d0b219d0 13596       3       org.gradle.api.internal.artifacts.ivyservice.WritableArtifactCacheLockingAccessCoordinator$CacheLockingIndexedCache::lambda$getIfPresent$0 (11 bytes)
Event: 41.209 Thread 0x00000211d0b219d0 nmethod 13596 0x00000211bd091990 code [0x00000211bd091b40, 0x00000211bd091d10]
Event: 41.227 Thread 0x00000211d0b219d0 13597       3       java.util.BitSet::initWords (15 bytes)
Event: 41.228 Thread 0x00000211d0b219d0 nmethod 13597 0x00000211bd091e10 code [0x00000211bd091fc0, 0x00000211bd092220]

GC Heap History (20 events):
Event: 29.777 GC heap before
{Heap before GC invocations=44 (full 0):
 garbage-first heap   total 159744K, used 140409K [0x0000000080000000, 0x0000000100000000)
  region size 1024K, 58 young (59392K), 2 survivors (2048K)
 Metaspace       used 92948K, committed 94976K, reserved 1179648K
  class space    used 12923K, committed 13888K, reserved 1048576K
}
Event: 29.780 GC heap after
{Heap after GC invocations=45 (full 0):
 garbage-first heap   total 159744K, used 85667K [0x0000000080000000, 0x0000000100000000)
  region size 1024K, 5 young (5120K), 5 survivors (5120K)
 Metaspace       used 92948K, committed 94976K, reserved 1179648K
  class space    used 12923K, committed 13888K, reserved 1048576K
}
Event: 30.761 GC heap before
{Heap before GC invocations=45 (full 0):
 garbage-first heap   total 159744K, used 147107K [0x0000000080000000, 0x0000000100000000)
  region size 1024K, 60 young (61440K), 5 survivors (5120K)
 Metaspace       used 95857K, committed 97920K, reserved 1179648K
  class space    used 13325K, committed 14336K, reserved 1048576K
}
Event: 30.769 GC heap after
{Heap after GC invocations=46 (full 0):
 garbage-first heap   total 159744K, used 90939K [0x0000000080000000, 0x0000000100000000)
  region size 1024K, 8 young (8192K), 8 survivors (8192K)
 Metaspace       used 95857K, committed 97920K, reserved 1179648K
  class space    used 13325K, committed 14336K, reserved 1048576K
}
Event: 32.156 GC heap before
{Heap before GC invocations=46 (full 0):
 garbage-first heap   total 159744K, used 144187K [0x0000000080000000, 0x0000000100000000)
  region size 1024K, 60 young (61440K), 8 survivors (8192K)
 Metaspace       used 98768K, committed 100864K, reserved 1179648K
  class space    used 13696K, committed 14720K, reserved 1048576K
}
Event: 32.164 GC heap after
{Heap after GC invocations=47 (full 0):
 garbage-first heap   total 159744K, used 96195K [0x0000000080000000, 0x0000000100000000)
  region size 1024K, 5 young (5120K), 5 survivors (5120K)
 Metaspace       used 98768K, committed 100864K, reserved 1179648K
  class space    used 13696K, committed 14720K, reserved 1048576K
}
Event: 33.252 GC heap before
{Heap before GC invocations=48 (full 0):
 garbage-first heap   total 160768K, used 145347K [0x0000000080000000, 0x0000000100000000)
  region size 1024K, 53 young (54272K), 5 survivors (5120K)
 Metaspace       used 102171K, committed 104320K, reserved 1179648K
  class space    used 14176K, committed 15232K, reserved 1048576K
}
Event: 33.258 GC heap after
{Heap after GC invocations=49 (full 0):
 garbage-first heap   total 160768K, used 98380K [0x0000000080000000, 0x0000000100000000)
  region size 1024K, 3 young (3072K), 3 survivors (3072K)
 Metaspace       used 102171K, committed 104320K, reserved 1179648K
  class space    used 14176K, committed 15232K, reserved 1048576K
}
Event: 34.255 GC heap before
{Heap before GC invocations=49 (full 0):
 garbage-first heap   total 160768K, used 147532K [0x0000000080000000, 0x0000000100000000)
  region size 1024K, 51 young (52224K), 3 survivors (3072K)
 Metaspace       used 105555K, committed 107712K, reserved 1179648K
  class space    used 14762K, committed 15808K, reserved 1048576K
}
Event: 34.259 GC heap after
{Heap after GC invocations=50 (full 0):
 garbage-first heap   total 160768K, used 97824K [0x0000000080000000, 0x0000000100000000)
  region size 1024K, 3 young (3072K), 3 survivors (3072K)
 Metaspace       used 105555K, committed 107712K, reserved 1179648K
  class space    used 14762K, committed 15808K, reserved 1048576K
}
Event: 35.429 GC heap before
{Heap before GC invocations=50 (full 0):
 garbage-first heap   total 160768K, used 149024K [0x0000000080000000, 0x0000000100000000)
  region size 1024K, 53 young (54272K), 3 survivors (3072K)
 Metaspace       used 109153K, committed 111424K, reserved 1179648K
  class space    used 15352K, committed 16448K, reserved 1048576K
}
Event: 35.434 GC heap after
{Heap after GC invocations=51 (full 0):
 garbage-first heap   total 160768K, used 99817K [0x0000000080000000, 0x0000000100000000)
  region size 1024K, 5 young (5120K), 5 survivors (5120K)
 Metaspace       used 109153K, committed 111424K, reserved 1179648K
  class space    used 15352K, committed 16448K, reserved 1048576K
}
Event: 36.593 GC heap before
{Heap before GC invocations=52 (full 0):
 garbage-first heap   total 167936K, used 149993K [0x0000000080000000, 0x0000000100000000)
  region size 1024K, 54 young (55296K), 5 survivors (5120K)
 Metaspace       used 112458K, committed 114752K, reserved 1179648K
  class space    used 15876K, committed 16960K, reserved 1048576K
}
Event: 36.600 GC heap after
{Heap after GC invocations=53 (full 0):
 garbage-first heap   total 167936K, used 102964K [0x0000000080000000, 0x0000000100000000)
  region size 1024K, 7 young (7168K), 7 survivors (7168K)
 Metaspace       used 112458K, committed 114752K, reserved 1179648K
  class space    used 15876K, committed 16960K, reserved 1048576K
}
Event: 38.139 GC heap before
{Heap before GC invocations=53 (full 0):
 garbage-first heap   total 167936K, used 156212K [0x0000000080000000, 0x0000000100000000)
  region size 1024K, 59 young (60416K), 7 survivors (7168K)
 Metaspace       used 116936K, committed 119232K, reserved 1179648K
  class space    used 16502K, committed 17600K, reserved 1048576K
}
Event: 38.148 GC heap after
{Heap after GC invocations=54 (full 0):
 garbage-first heap   total 168960K, used 104020K [0x0000000080000000, 0x0000000100000000)
  region size 1024K, 6 young (6144K), 6 survivors (6144K)
 Metaspace       used 116936K, committed 119232K, reserved 1179648K
  class space    used 16502K, committed 17600K, reserved 1048576K
}
Event: 39.150 GC heap before
{Heap before GC invocations=54 (full 0):
 garbage-first heap   total 168960K, used 158292K [0x0000000080000000, 0x0000000100000000)
  region size 1024K, 59 young (60416K), 6 survivors (6144K)
 Metaspace       used 118776K, committed 121088K, reserved 1179648K
  class space    used 16763K, committed 17856K, reserved 1048576K
}
Event: 39.159 GC heap after
{Heap after GC invocations=55 (full 0):
 garbage-first heap   total 171008K, used 110007K [0x0000000080000000, 0x0000000100000000)
  region size 1024K, 8 young (8192K), 8 survivors (8192K)
 Metaspace       used 118776K, committed 121088K, reserved 1179648K
  class space    used 16763K, committed 17856K, reserved 1048576K
}
Event: 40.168 GC heap before
{Heap before GC invocations=56 (full 0):
 garbage-first heap   total 184320K, used 158135K [0x0000000080000000, 0x0000000100000000)
  region size 1024K, 56 young (57344K), 8 survivors (8192K)
 Metaspace       used 120221K, committed 122560K, reserved 1179648K
  class space    used 16857K, committed 17984K, reserved 1048576K
}
Event: 40.180 GC heap after
{Heap after GC invocations=57 (full 0):
 garbage-first heap   total 184320K, used 119808K [0x0000000080000000, 0x0000000100000000)
  region size 1024K, 7 young (7168K), 7 survivors (7168K)
 Metaspace       used 120221K, committed 122560K, reserved 1179648K
  class space    used 16857K, committed 17984K, reserved 1048576K
}

Dll operation events (3 events):
Event: 0.048 Loaded shared library C:\Program Files\Android\Android Studio\jbr\bin\java.dll
Event: 0.102 Loaded shared library C:\Program Files\Android\Android Studio\jbr\bin\zip.dll
Event: 2.373 Loaded shared library C:\Program Files\Android\Android Studio\jbr\bin\verify.dll

Deoptimization events (20 events):
Event: 40.579 Thread 0x00000211d6adf7d0 DEOPT PACKING pc=0x00000211c3a49950 sp=0x000000c4165fe420
Event: 40.579 Thread 0x00000211d6adf7d0 DEOPT UNPACKING pc=0x00000211c31043a2 sp=0x000000c4165fe418 mode 2
Event: 40.594 Thread 0x00000211d6adfe60 Uncommon trap: trap_request=0xffffff45 fr.pc=0x00000211c3a5dad8 relative=0x0000000000002598
Event: 40.594 Thread 0x00000211d6adfe60 Uncommon trap: reason=unstable_if action=reinterpret pc=0x00000211c3a5dad8 method=com.google.common.collect.MapMakerInternalMap$Segment.drainKeyReferenceQueue(Ljava/lang/ref/ReferenceQueue;)V @ 32 c2
Event: 40.594 Thread 0x00000211d6adfe60 DEOPT PACKING pc=0x00000211c3a5dad8 sp=0x000000c4166fdec0
Event: 40.594 Thread 0x00000211d6adfe60 DEOPT UNPACKING pc=0x00000211c31043a2 sp=0x000000c4166fdb08 mode 2
Event: 40.594 Thread 0x00000211d6adfe60 Uncommon trap: trap_request=0xffffff45 fr.pc=0x00000211c3a588e8 relative=0x00000000000020e8
Event: 40.594 Thread 0x00000211d6adfe60 Uncommon trap: reason=unstable_if action=reinterpret pc=0x00000211c3a588e8 method=com.google.common.collect.MapMakerInternalMap$Segment.drainKeyReferenceQueue(Ljava/lang/ref/ReferenceQueue;)V @ 32 c2
Event: 40.594 Thread 0x00000211d6adfe60 DEOPT PACKING pc=0x00000211c3a588e8 sp=0x000000c4166fde20
Event: 40.594 Thread 0x00000211d6adfe60 DEOPT UNPACKING pc=0x00000211c31043a2 sp=0x000000c4166fdb28 mode 2
Event: 40.599 Thread 0x00000211d6adf7d0 Uncommon trap: trap_request=0xffffff45 fr.pc=0x00000211c3a49604 relative=0x00000000000015a4
Event: 40.599 Thread 0x00000211d6adf7d0 Uncommon trap: reason=unstable_if action=reinterpret pc=0x00000211c3a49604 method=org.gradle.internal.snapshot.ChildMap$Entry.handleAncestorDescendantOrExactMatch(Lorg/gradle/internal/snapshot/VfsRelativePath;Lorg/gradle/internal/snapshot/CaseSensitivity;
Event: 40.599 Thread 0x00000211d6adf7d0 DEOPT PACKING pc=0x00000211c3a49604 sp=0x000000c4165fadd0
Event: 40.599 Thread 0x00000211d6adf7d0 DEOPT UNPACKING pc=0x00000211c31043a2 sp=0x000000c4165fadd0 mode 2
Event: 40.603 Thread 0x00000211d6adf7d0 Uncommon trap: trap_request=0xffffff45 fr.pc=0x00000211c3a3f15c relative=0x0000000000000b3c
Event: 40.603 Thread 0x00000211d6adf7d0 Uncommon trap: reason=unstable_if action=reinterpret pc=0x00000211c3a3f15c method=org.gradle.internal.file.FileHierarchySet$Node.isChildOfOrThis(Ljava/lang/String;I)Z @ 89 c2
Event: 40.603 Thread 0x00000211d6adf7d0 DEOPT PACKING pc=0x00000211c3a3f15c sp=0x000000c4165fb060
Event: 40.603 Thread 0x00000211d6adf7d0 DEOPT UNPACKING pc=0x00000211c31043a2 sp=0x000000c4165fafa8 mode 2
Event: 40.954 Thread 0x00000211d6adf7d0 DEOPT PACKING pc=0x00000211bcd7c0a1 sp=0x000000c4165f98d0
Event: 40.954 Thread 0x00000211d6adf7d0 DEOPT UNPACKING pc=0x00000211c3104b42 sp=0x000000c4165f8dd0 mode 0

Classes loaded (20 events):
Event: 39.322 Loading class java/io/FilterReader
Event: 39.323 Loading class java/io/FilterReader done
Event: 39.530 Loading class java/lang/invoke/MethodHandleImpl$CountingWrapper$1
Event: 39.530 Loading class java/lang/invoke/MethodHandleImpl$CountingWrapper$1 done
Event: 40.232 Loading class sun/nio/ch/ChannelOutputStream
Event: 40.233 Loading class sun/nio/ch/ChannelOutputStream done
Event: 40.236 Loading class java/util/concurrent/ConcurrentLinkedQueue$Itr
Event: 40.236 Loading class java/util/concurrent/ConcurrentLinkedQueue$Itr done
Event: 40.510 Loading class java/time/Clock
Event: 40.510 Loading class java/time/InstantSource
Event: 40.510 Loading class java/time/InstantSource done
Event: 40.510 Loading class java/time/Clock done
Event: 40.510 Loading class java/time/Clock$SystemClock
Event: 40.511 Loading class java/time/Clock$SystemClock done
Event: 40.562 Loading class java/time/Instant$1
Event: 40.562 Loading class java/time/Instant$1 done
Event: 40.748 Loading class java/io/SequenceInputStream
Event: 40.748 Loading class java/io/SequenceInputStream done
Event: 40.765 Loading class java/util/function/IntUnaryOperator
Event: 40.766 Loading class java/util/function/IntUnaryOperator done

Classes unloaded (0 events):
No events

Classes redefined (0 events):
No events

Internal exceptions (20 events):
Event: 41.093 Thread 0x00000211d6adf7d0 Exception <a 'sun/nio/fs/WindowsException'{0x0000000089562d68}> (0x0000000089562d68) 
thrown [s\src\hotspot\share\prims\jni.cpp, line 537]
Event: 41.098 Thread 0x00000211d6adf7d0 Exception <a 'sun/nio/fs/WindowsException'{0x00000000895802e0}> (0x00000000895802e0) 
thrown [s\src\hotspot\share\prims\jni.cpp, line 537]
Event: 41.102 Thread 0x00000211d6adf7d0 Exception <a 'sun/nio/fs/WindowsException'{0x000000008958feb8}> (0x000000008958feb8) 
thrown [s\src\hotspot\share\prims\jni.cpp, line 537]
Event: 41.106 Thread 0x00000211d6adf7d0 Exception <a 'sun/nio/fs/WindowsException'{0x00000000895a4948}> (0x00000000895a4948) 
thrown [s\src\hotspot\share\prims\jni.cpp, line 537]
Event: 41.110 Thread 0x00000211d6adf7d0 Exception <a 'sun/nio/fs/WindowsException'{0x00000000895b4870}> (0x00000000895b4870) 
thrown [s\src\hotspot\share\prims\jni.cpp, line 537]
Event: 41.115 Thread 0x00000211d6adf7d0 Exception <a 'sun/nio/fs/WindowsException'{0x00000000895c6948}> (0x00000000895c6948) 
thrown [s\src\hotspot\share\prims\jni.cpp, line 537]
Event: 41.118 Thread 0x00000211d6adf7d0 Exception <a 'sun/nio/fs/WindowsException'{0x00000000895d7028}> (0x00000000895d7028) 
thrown [s\src\hotspot\share\prims\jni.cpp, line 537]
Event: 41.122 Thread 0x00000211d6adf7d0 Exception <a 'sun/nio/fs/WindowsException'{0x00000000895e97d8}> (0x00000000895e97d8) 
thrown [s\src\hotspot\share\prims\jni.cpp, line 537]
Event: 41.127 Thread 0x00000211d6adf7d0 Exception <a 'sun/nio/fs/WindowsException'{0x00000000895fd8d8}> (0x00000000895fd8d8) 
thrown [s\src\hotspot\share\prims\jni.cpp, line 537]
Event: 41.168 Thread 0x00000211d6adf7d0 Exception <a 'sun/nio/fs/WindowsException'{0x000000008940c910}> (0x000000008940c910) 
thrown [s\src\hotspot\share\prims\jni.cpp, line 537]
Event: 41.172 Thread 0x00000211d6adf7d0 Exception <a 'sun/nio/fs/WindowsException'{0x000000008941d7b8}> (0x000000008941d7b8) 
thrown [s\src\hotspot\share\prims\jni.cpp, line 537]
Event: 41.177 Thread 0x00000211d6adf7d0 Exception <a 'sun/nio/fs/WindowsException'{0x0000000089434ea8}> (0x0000000089434ea8) 
thrown [s\src\hotspot\share\prims\jni.cpp, line 537]
Event: 41.180 Thread 0x00000211d6adf7d0 Exception <a 'sun/nio/fs/WindowsException'{0x0000000089445930}> (0x0000000089445930) 
thrown [s\src\hotspot\share\prims\jni.cpp, line 537]
Event: 41.182 Thread 0x00000211d6adf7d0 Exception <a 'sun/nio/fs/WindowsException'{0x000000008944e0f8}> (0x000000008944e0f8) 
thrown [s\src\hotspot\share\prims\jni.cpp, line 537]
Event: 41.196 Thread 0x00000211d6adf7d0 Exception <a 'sun/nio/fs/WindowsException'{0x0000000089468d80}> (0x0000000089468d80) 
thrown [s\src\hotspot\share\prims\jni.cpp, line 537]
Event: 41.200 Thread 0x00000211d6adf7d0 Exception <a 'sun/nio/fs/WindowsException'{0x0000000089477fa8}> (0x0000000089477fa8) 
thrown [s\src\hotspot\share\prims\jni.cpp, line 537]
Event: 41.210 Thread 0x00000211d6adf7d0 Exception <a 'sun/nio/fs/WindowsException'{0x00000000894931b0}> (0x00000000894931b0) 
thrown [s\src\hotspot\share\prims\jni.cpp, line 537]
Event: 41.216 Thread 0x00000211d6adf7d0 Exception <a 'sun/nio/fs/WindowsException'{0x00000000894e5a98}> (0x00000000894e5a98) 
thrown [s\src\hotspot\share\prims\jni.cpp, line 537]
Event: 41.223 Thread 0x00000211d6adf7d0 Exception <a 'sun/nio/fs/WindowsException'{0x000000008931d720}> (0x000000008931d720) 
thrown [s\src\hotspot\share\prims\jni.cpp, line 537]
Event: 41.231 Thread 0x00000211d6adf7d0 Exception <a 'sun/nio/fs/WindowsException'{0x0000000089351b98}> (0x0000000089351b98) 
thrown [s\src\hotspot\share\prims\jni.cpp, line 537]

ZGC Phase Switch (0 events):
No events

VM Operations (20 events):
Event: 40.447 Executing VM operation: HandshakeAllThreads (Deoptimize)
Event: 40.447 Executing VM operation: HandshakeAllThreads (Deoptimize) done
Event: 40.458 Executing VM operation: HandshakeAllThreads (Deoptimize)
Event: 40.458 Executing VM operation: HandshakeAllThreads (Deoptimize) done
Event: 40.485 Executing VM operation: HandshakeAllThreads (Deoptimize)
Event: 40.486 Executing VM operation: HandshakeAllThreads (Deoptimize) done
Event: 40.504 Executing VM operation: HandshakeAllThreads (Deoptimize)
Event: 40.504 Executing VM operation: HandshakeAllThreads (Deoptimize) done
Event: 40.522 Executing VM operation: HandshakeAllThreads (Deoptimize)
Event: 40.539 Executing VM operation: HandshakeAllThreads (Deoptimize) done
Event: 40.543 Executing VM operation: HandshakeAllThreads (Deoptimize)
Event: 40.555 Executing VM operation: HandshakeAllThreads (Deoptimize) done
Event: 40.559 Executing VM operation: HandshakeAllThreads (Deoptimize)
Event: 40.560 Executing VM operation: HandshakeAllThreads (Deoptimize) done
Event: 40.569 Executing VM operation: ICBufferFull
Event: 40.569 Executing VM operation: ICBufferFull done
Event: 40.616 Executing VM operation: HandshakeAllThreads (Deoptimize)
Event: 40.616 Executing VM operation: HandshakeAllThreads (Deoptimize) done
Event: 40.619 Executing VM operation: HandshakeAllThreads (Deoptimize)
Event: 40.619 Executing VM operation: HandshakeAllThreads (Deoptimize) done

Memory protections (0 events):
No events

Nmethod flushes (20 events):
Event: 39.260 Thread 0x00000211d090eb80 flushing  nmethod 0x00000211bc11d510
Event: 39.260 Thread 0x00000211d090eb80 flushing  nmethod 0x00000211bc1e8b10
Event: 39.260 Thread 0x00000211d090eb80 flushing  nmethod 0x00000211bc239690
Event: 39.260 Thread 0x00000211d090eb80 flushing  nmethod 0x00000211bc349290
Event: 39.260 Thread 0x00000211d090eb80 flushing  nmethod 0x00000211bc3ff810
Event: 39.260 Thread 0x00000211d090eb80 flushing  nmethod 0x00000211bc513590
Event: 39.260 Thread 0x00000211d090eb80 flushing  nmethod 0x00000211bcadda10
Event: 39.260 Thread 0x00000211d090eb80 flushing  nmethod 0x00000211bcaddd90
Event: 39.260 Thread 0x00000211d090eb80 flushing  nmethod 0x00000211c3b39b90
Event: 39.260 Thread 0x00000211d090eb80 flushing  nmethod 0x00000211c3bc4390
Event: 39.260 Thread 0x00000211d090eb80 flushing  nmethod 0x00000211bbf27190
Event: 39.260 Thread 0x00000211d090eb80 flushing  nmethod 0x00000211bc203790
Event: 39.260 Thread 0x00000211d090eb80 flushing  nmethod 0x00000211bc2c4590
Event: 39.260 Thread 0x00000211d090eb80 flushing  nmethod 0x00000211bc351810
Event: 39.260 Thread 0x00000211d090eb80 flushing  nmethod 0x00000211bc3d6490
Event: 39.260 Thread 0x00000211d090eb80 flushing  nmethod 0x00000211bc516310
Event: 39.260 Thread 0x00000211d090eb80 flushing  nmethod 0x00000211bc7d5190
Event: 39.260 Thread 0x00000211d090eb80 flushing  nmethod 0x00000211bc82a910
Event: 39.260 Thread 0x00000211d090eb80 flushing  nmethod 0x00000211bcbb6b10
Event: 39.260 Thread 0x00000211d090eb80 flushing  nmethod 0x00000211bcc7ad10

Events (20 events):
Event: 36.008 Thread 0x00000211d0b219d0 Thread added: 0x00000211db534920
Event: 36.544 Thread 0x00000211db534920 Thread exited: 0x00000211db534920
Event: 36.544 Thread 0x00000211d6a91180 Thread exited: 0x00000211d6a91180
Event: 37.037 Thread 0x00000211d0b219d0 Thread added: 0x00000211db534920
Event: 37.332 Thread 0x00000211db534920 Thread exited: 0x00000211db534920
Event: 37.886 Thread 0x00000211d0b219d0 Thread added: 0x00000211db536460
Event: 39.352 Thread 0x00000211db536460 Thread added: 0x00000211db534920
Event: 40.127 Thread 0x00000211db534920 Thread exited: 0x00000211db534920
Event: 40.236 Thread 0x00000211d78124d0 Thread added: 0x00000211d525cb30
Event: 40.237 Thread 0x00000211d78124d0 Thread added: 0x00000211d525c4a0
Event: 40.365 Thread 0x00000211d78124d0 Thread added: 0x00000211d525e570
Event: 40.377 Thread 0x00000211d525e570 Thread added: 0x00000211d525b0f0
Event: 40.377 Thread 0x00000211d525e570 Thread added: 0x00000211d525ec00
Event: 40.377 Thread 0x00000211d525e570 Thread added: 0x00000211d525f290
Event: 40.378 Thread 0x00000211d525e570 Thread added: 0x00000211d6ae1f30
Event: 40.378 Thread 0x00000211d525e570 Thread added: 0x00000211d6ae25c0
Event: 40.378 Thread 0x00000211d525e570 Thread added: 0x00000211d6adf140
Event: 40.379 Thread 0x00000211d525e570 Thread added: 0x00000211d6adf7d0
Event: 40.407 Thread 0x00000211d525b0f0 Thread added: 0x00000211d6adfe60
Event: 40.727 Thread 0x00000211db536460 Thread exited: 0x00000211db536460


Dynamic libraries:
0x00007ff6121d0000 - 0x00007ff6121da000 	C:\Program Files\Android\Android Studio\jbr\bin\java.exe
0x00007ff8048a0000 - 0x00007ff804b07000 	C:\WINDOWS\SYSTEM32\ntdll.dll
0x00007ff803c80000 - 0x00007ff803d49000 	C:\WINDOWS\System32\KERNEL32.DLL
0x00007ff801c90000 - 0x00007ff802084000 	C:\WINDOWS\System32\KERNELBASE.dll
0x00007ff802180000 - 0x00007ff8022cb000 	C:\WINDOWS\System32\ucrtbase.dll
0x00007ffff2220000 - 0x00007ffff223b000 	C:\Program Files\Android\Android Studio\jbr\bin\VCRUNTIME140.dll
0x00007ffecc290000 - 0x00007ffecc2a8000 	C:\Program Files\Android\Android Studio\jbr\bin\jli.dll
0x00007ff803850000 - 0x00007ff803a15000 	C:\WINDOWS\System32\USER32.dll
0x00007ff802150000 - 0x00007ff802177000 	C:\WINDOWS\System32\win32u.dll
0x00007ff8041c0000 - 0x00007ff8041eb000 	C:\WINDOWS\System32\GDI32.dll
0x00007ff8022d0000 - 0x00007ff8023fb000 	C:\WINDOWS\System32\gdi32full.dll
0x00007ff801be0000 - 0x00007ff801c83000 	C:\WINDOWS\System32\msvcp_win.dll
0x00007ffff1310000 - 0x00007ffff15a3000 	C:\WINDOWS\WinSxS\amd64_microsoft.windows.common-controls_6595b64144ccf1df_6.0.26100.8115_none_3e075c82e3354f9c\COMCTL32.dll
0x00007ff8028a0000 - 0x00007ff802949000 	C:\WINDOWS\System32\msvcrt.dll
0x00007ff803810000 - 0x00007ff803842000 	C:\WINDOWS\System32\IMM32.DLL
0x00007ffff3dc0000 - 0x00007ffff3dcc000 	C:\Program Files\Android\Android Studio\jbr\bin\vcruntime140_1.dll
0x00007ffe8b810000 - 0x00007ffe8b89d000 	C:\Program Files\Android\Android Studio\jbr\bin\msvcp140.dll
0x00007ffeb9fa0000 - 0x00007ffebac36000 	C:\Program Files\Android\Android Studio\jbr\bin\server\jvm.dll
0x00007ff8027e0000 - 0x00007ff802896000 	C:\WINDOWS\System32\ADVAPI32.dll
0x00007ff803ab0000 - 0x00007ff803b57000 	C:\WINDOWS\System32\sechost.dll
0x00007ff803b60000 - 0x00007ff803c78000 	C:\WINDOWS\System32\RPCRT4.dll
0x00007ff803300000 - 0x00007ff803380000 	C:\WINDOWS\System32\WS2_32.dll
0x00007ff800fd0000 - 0x00007ff80102e000 	C:\WINDOWS\SYSTEM32\POWRPROF.dll
0x00007ffffae50000 - 0x00007ffffae86000 	C:\WINDOWS\SYSTEM32\WINMM.dll
0x00007ffffae90000 - 0x00007ffffae9b000 	C:\WINDOWS\SYSTEM32\VERSION.dll
0x00007ff800fb0000 - 0x00007ff800fc4000 	C:\WINDOWS\SYSTEM32\UMPDC.dll
0x00007ff800000000 - 0x00007ff80001b000 	C:\WINDOWS\SYSTEM32\kernel.appcore.dll
0x00007ffff2d70000 - 0x00007ffff2d7a000 	C:\Program Files\Android\Android Studio\jbr\bin\jimage.dll
0x00007ffff5da0000 - 0x00007ffff5fe2000 	C:\WINDOWS\SYSTEM32\DBGHELP.DLL
0x00007ff803480000 - 0x00007ff803802000 	C:\WINDOWS\System32\combase.dll
0x00007ff803220000 - 0x00007ff8032f8000 	C:\WINDOWS\System32\OLEAUT32.dll
0x00007fffec120000 - 0x00007fffec15b000 	C:\WINDOWS\SYSTEM32\dbgcore.DLL
0x00007ff802580000 - 0x00007ff802625000 	C:\WINDOWS\System32\bcryptPrimitives.dll
0x00007ffeca750000 - 0x00007ffeca75e000 	C:\Program Files\Android\Android Studio\jbr\bin\instrument.dll
0x00007ffff21e0000 - 0x00007ffff2200000 	C:\Program Files\Android\Android Studio\jbr\bin\java.dll
0x00007ffff21c0000 - 0x00007ffff21d8000 	C:\Program Files\Android\Android Studio\jbr\bin\zip.dll
0x00007ff802950000 - 0x00007ff8030b7000 	C:\WINDOWS\System32\SHELL32.dll
0x00007ff801200000 - 0x00007ff80136a000 	C:\WINDOWS\System32\wintypes.dll
0x00007ff801370000 - 0x00007ff801bd8000 	C:\WINDOWS\System32\windows.storage.dll
0x00007ff803e60000 - 0x00007ff803f58000 	C:\WINDOWS\System32\SHCORE.dll
0x00007ff8040f0000 - 0x00007ff804156000 	C:\WINDOWS\System32\shlwapi.dll
0x00007ff801090000 - 0x00007ff8010b9000 	C:\WINDOWS\SYSTEM32\profapi.dll
0x00007ffff2960000 - 0x00007ffff2970000 	C:\Program Files\Android\Android Studio\jbr\bin\net.dll
0x00007ffff8900000 - 0x00007ffff8a2d000 	C:\WINDOWS\SYSTEM32\WINHTTP.dll
0x00007ff800470000 - 0x00007ff8004dc000 	C:\WINDOWS\system32\mswsock.dll
0x00007ffff2100000 - 0x00007ffff2116000 	C:\Program Files\Android\Android Studio\jbr\bin\nio.dll
0x00007ffff20e0000 - 0x00007ffff20f0000 	C:\Program Files\Android\Android Studio\jbr\bin\verify.dll
0x00007ffed3680000 - 0x00007ffed36a7000 	C:\Users\Ronald\.gradle\native\660c5614fbf4a5f2a75b1949f50a0caf5cd603558e7d8a26e50b933a0cfb79d1\windows-amd64\native-platform.dll
0x00007ffe8b790000 - 0x00007ffe8b807000 	C:\Users\Ronald\.gradle\native\0.2.8\x86_64-windows-gnu\gradle-fileevents.dll
0x00007ffff2190000 - 0x00007ffff2199000 	C:\Program Files\Android\Android Studio\jbr\bin\management.dll
0x00007ffff2150000 - 0x00007ffff215b000 	C:\Program Files\Android\Android Studio\jbr\bin\management_ext.dll
0x00007ff803410000 - 0x00007ff803418000 	C:\WINDOWS\System32\PSAPI.DLL
0x00007fffff8f0000 - 0x00007fffff922000 	C:\WINDOWS\SYSTEM32\IPHLPAPI.DLL
0x00007ff803e50000 - 0x00007ff803e5a000 	C:\WINDOWS\System32\NSI.dll
0x00007ffff2210000 - 0x00007ffff2219000 	C:\Program Files\Android\Android Studio\jbr\bin\extnet.dll
0x00007ff800750000 - 0x00007ff80076b000 	C:\WINDOWS\SYSTEM32\CRYPTSP.dll
0x00007fffffe50000 - 0x00007fffffe89000 	C:\WINDOWS\system32\rsaenh.dll
0x00007ff800520000 - 0x00007ff800553000 	C:\WINDOWS\SYSTEM32\USERENV.dll
0x00007ff801060000 - 0x00007ff80108a000 	C:\WINDOWS\SYSTEM32\bcrypt.dll
0x00007ff800770000 - 0x00007ff80077c000 	C:\WINDOWS\SYSTEM32\CRYPTBASE.dll
0x00007fffd0730000 - 0x00007fffd0738000 	C:\WINDOWS\system32\wshunix.dll
0x00007fffff980000 - 0x00007fffffab2000 	C:\WINDOWS\SYSTEM32\DNSAPI.dll
0x00007ffff2660000 - 0x00007ffff266b000 	C:\Windows\System32\rasadhlp.dll
0x00007ffff8540000 - 0x00007ffff85c6000 	C:\WINDOWS\System32\fwpuclnt.dll

JVMTI agents:
C:\Users\Ronald\.gradle\wrapper\dists\gradle-9.3.1-bin\23ovyewtku6u96viwx3xl3oks\gradle-9.3.1\lib\agents\gradle-instrumentation-agent-9.3.1.jar path:C:\Program Files\Android\Android Studio\jbr\bin\instrument.dll, loaded, initialized, instrumentlib options:none

dbghelp: loaded successfully - version: 4.0.5 - missing functions: none
symbol engine: initialized successfully - sym options: 0x614 - pdb path: .;C:\Program Files\Android\Android Studio\jbr\bin;C:\WINDOWS\SYSTEM32;C:\WINDOWS\WinSxS\amd64_microsoft.windows.common-controls_6595b64144ccf1df_6.0.26100.8115_none_3e075c82e3354f9c;C:\Program Files\Android\Android Studio\jbr\bin\server;C:\Users\Ronald\.gradle\native\660c5614fbf4a5f2a75b1949f50a0caf5cd603558e7d8a26e50b933a0cfb79d1\windows-amd64;C:\Users\Ronald\.gradle\native\0.2.8\x86_64-windows-gnu

VM Arguments:
jvm_args: --add-opens=java.base/java.lang=ALL-UNNAMED --add-opens=java.base/java.lang.invoke=ALL-UNNAMED --add-opens=java.base/java.util=ALL-UNNAMED --add-opens=java.prefs/java.util.prefs=ALL-UNNAMED --add-exports=jdk.compiler/com.sun.tools.javac.api=ALL-UNNAMED --add-exports=jdk.compiler/com.sun.tools.javac.util=ALL-UNNAMED --add-opens=java.base/java.util=ALL-UNNAMED --add-opens=java.prefs/java.util.prefs=ALL-UNNAMED --add-opens=java.base/java.nio.charset=ALL-UNNAMED --add-opens=java.base/java.net=ALL-UNNAMED --add-opens=java.base/java.util.concurrent=ALL-UNNAMED --add-opens=java.base/java.util.concurrent.atomic=ALL-UNNAMED --add-opens=java.xml/javax.xml.namespace=ALL-UNNAMED --add-opens=java.base/java.time=ALL-UNNAMED -Xmx2048m -Dfile.encoding=UTF-8 -Duser.country=PH -Duser.language=en -Duser.variant -javaagent:C:\Users\Ronald\.gradle\wrapper\dists\gradle-9.3.1-bin\23ovyewtku6u96viwx3xl3oks\gradle-9.3.1\lib\agents\gradle-instrumentation-agent-9.3.1.jar 
java_command: org.gradle.launcher.daemon.bootstrap.GradleDaemon 9.3.1
java_class_path (initial): C:\Users\Ronald\.gradle\wrapper\dists\gradle-9.3.1-bin\23ovyewtku6u96viwx3xl3oks\gradle-9.3.1\lib\gradle-daemon-main-9.3.1.jar
Launcher Type: SUN_STANDARD

[Global flags]
     intx CICompilerCount                          = 4                                         {product} {ergonomic}
     uint ConcGCThreads                            = 2                                         {product} {ergonomic}
     uint G1ConcRefinementThreads                  = 8                                         {product} {ergonomic}
   size_t G1HeapRegionSize                         = 1048576                                   {product} {ergonomic}
    uintx GCDrainStackTargetSize                   = 64                                        {product} {ergonomic}
   size_t InitialHeapSize                          = 234881024                                 {product} {ergonomic}
   size_t MarkStackSize                            = 4194304                                   {product} {ergonomic}
   size_t MaxHeapSize                              = 2147483648                                {product} {command line}
   size_t MaxNewSize                               = 1287651328                                {product} {ergonomic}
   size_t MinHeapDeltaBytes                        = 1048576                                   {product} {ergonomic}
   size_t MinHeapSize                              = 8388608                                   {product} {ergonomic}
    uintx NonNMethodCodeHeapSize                   = 5839372                                {pd product} {ergonomic}
    uintx NonProfiledCodeHeapSize                  = 122909434                              {pd product} {ergonomic}
    uintx ProfiledCodeHeapSize                     = 122909434                              {pd product} {ergonomic}
    uintx ReservedCodeCacheSize                    = 251658240                              {pd product} {ergonomic}
     bool SegmentedCodeCache                       = true                                      {product} {ergonomic}
   size_t SoftMaxHeapSize                          = 2147483648                             {manageable} {ergonomic}
     bool UseCompressedOops                        = true                           {product lp64_product} {ergonomic}
     bool UseG1GC                                  = true                                      {product} {ergonomic}
     bool UseLargePagesIndividualAllocation        = false                                  {pd product} {ergonomic}

Logging:
Log output configuration:
 #0: stdout all=warning uptime,level,tags foldmultilines=false
 #1: stderr all=off uptime,level,tags foldmultilines=false

Release file:
JAVA_VERSION="21.0.9" 
MODULES="java.base java.compiler java.datatransfer java.xml java.prefs java.desktop java.instrument java.logging java.management java.security.sasl java.naming java.rmi java.management.rmi java.net.http java.scripting java.security.jgss java.transaction.xa java.sql java.sql.rowset java.xml.crypto java.se java.smartcardio jdk.accessibility jdk.internal.jvmstat jdk.attach jdk.charsets jdk.internal.opt jdk.zipfs jdk.compiler jdk.crypto.ec jdk.crypto.cryptoki jdk.dynalink jdk.hotspot.agent jdk.httpserver jdk.internal.ed jdk.internal.le jdk.internal.vm.ci jdk.jartool jdk.javadoc jdk.jcmd jdk.jdeps jdk.jdwp.agent jdk.jdi jdk.jfr jdk.jlink jdk.jsobject jdk.localedata jdk.management jdk.management.agent jdk.management.jfr jdk.naming.dns jdk.naming.rmi jdk.net jdk.sctp jdk.security.auth jdk.security.jgss jdk.unsupported jdk.unsupported.desktop jdk.xml.dom" 
IMPLEMENTOR="JetBrains s.r.o." 
JAVA_RUNTIME_VERSION="21.0.9+-14787801-b1163.94" 
LIBC="default" 
OS_ARCH="x86_64" 
OS_NAME="Windows" 
SOURCE=".:git:0c757ddc9f2f" 

Environment Variables:
PATH=C:\Program Files\Eclipse Adoptium\jdk-21.0.7.6-hotspot\bin;C:\WINDOWS\system32;C:\WINDOWS;C:\WINDOWS\System32\Wbem;C:\WINDOWS\System32\WindowsPowerShell\v1.0\;C:\WINDOWS\System32\OpenSSH\;C:\Program Files\Git\cmd;C:\Program Files\Microsoft SQL Server\150\Tools\Binn\;C:\Program Files\Microsoft SQL Server\Client SDK\ODBC\170\Tools\Binn\;C:\Program Files\dotnet\;C:\Program Files\cursor\resources\app\bin;C:\Users\Ronald\AppData\Local\Microsoft\WindowsApps;C:\Users\Ronald\AppData\Local\Programs\Microsoft VS Code\bin;D:\XAMPP\php;C:\Users\Ronald\.dotnet\tools;C:\Users\Ronald\AppData\Local\Python\bin;C:\Users\Ronald\AppData\Local\Programs\Antigravity\bin;C:\Users\Ronald\AppData\Local\Programs\cursor\resources\app\bin
USERNAME=Ronald
OS=Windows_NT
PROCESSOR_IDENTIFIER=AMD64 Family 23 Model 24 Stepping 1, AuthenticAMD
TMP=C:\Users\Ronald\AppData\Local\Temp
TEMP=C:\Users\Ronald\AppData\Local\Temp




Periodic native trim disabled

JNI global refs:
JNI global refs: 31, weak refs: 9

JNI global refs memory usage: 835, weak refs: 833

Process memory usage:
Resident Set Size: 487648K (3% of 14599820K total physical memory with 653308K free physical memory)

OOME stack traces (most recent first):
Classloader memory used:
Loader org.gradle.internal.classloader.VisitableURLClassLoader                         : 44627K
Loader bootstrap                                                                       : 32635K
Loader org.gradle.internal.classloader.VisitableURLClassLoader$InstrumentingVisitableURLClassLoader: 31978K
Loader org.gradle.initialization.MixInLegacyTypesClassLoader                           : 12869K
Loader jdk.internal.loader.ClassLoaders$PlatformClassLoader                            : 447K
Loader jdk.internal.reflect.DelegatingClassLoader                                      : 335K
Loader jdk.internal.loader.ClassLoaders$AppClassLoader                                 : 231K
Loader org.gradle.internal.classloader.VisitableURLClassLoader                         : 202K
Loader org.gradle.groovy.scripts.internal.DefaultScriptCompilationHandler$ScriptClassLoader: 128K

Classes loaded by more than one classloader:
Class Program                                                                         : loaded 5 times (x 72B)
Class Build_gradle                                                                    : loaded 3 times (x 126B)
Class com.google.common.collect.RegularImmutableMap$KeySet                            : loaded 2 times (x 152B)
Class org.gradle.internal.classloader.FilteringClassLoader                            : loaded 2 times (x 105B)
Class com.google.common.base.CharMatcher$IsEither                                     : loaded 2 times (x 111B)
Class org.gradle.internal.classloader.ClassLoaderHierarchy                            : loaded 2 times (x 70B)
Class com.google.common.collect.ImmutableEnumSet                                      : loaded 2 times (x 146B)
Class com.google.common.util.concurrent.ExecutionError                                : loaded 2 times (x 82B)
Class com.google.common.collect.ImmutableList$1                                       : loaded 2 times (x 97B)
Class org.gradle.api.internal.classpath.ManifestUtil                                  : loaded 2 times (x 71B)
Class com.google.common.collect.RegularImmutableMap                                   : loaded 2 times (x 121B)
Class com.google.common.collect.ImmutableMap$MapViewOfValuesAsSingletonSets           : loaded 2 times (x 126B)
Class [Lorg.objectweb.asm.Symbol;                                                     : loaded 2 times (x 69B)
Class org.objectweb.asm.ClassVisitor                                                  : loaded 2 times (x 88B)
Class com.google.common.collect.UnmodifiableListIterator                              : loaded 2 times (x 95B)
Class com.google.common.base.Platform$JdkPatternCompiler                              : loaded 2 times (x 75B)
Class org.objectweb.asm.MethodTooLargeException                                       : loaded 2 times (x 83B)
Class [Lcom.google.common.cache.CacheBuilder$OneWeigher;                              : loaded 2 times (x 69B)
Class com.google.common.base.Suppliers                                                : loaded 2 times (x 71B)
Class org.gradle.internal.classloader.DefaultClassLoaderFactory                       : loaded 2 times (x 82B)
Class org.gradle.internal.classloader.ClassLoaderVisitor                              : loaded 2 times (x 76B)
Class [Lcom.google.common.collect.ImmutableMapEntry;                                  : loaded 2 times (x 69B)
Class org.gradle.api.internal.classpath.EffectiveClassPath                            : loaded 2 times (x 90B)
Class [Lorg.apache.commons.io.StandardLineSeparator;                                  : loaded 2 times (x 69B)
Class org.apache.commons.io.output.StringBuilderWriter                                : loaded 2 times (x 100B)
Class com.google.common.collect.ListMultimap                                          : loaded 2 times (x 70B)
Class com.google.common.collect.ImmutableEnumMap                                      : loaded 2 times (x 126B)
Class com.google.common.collect.Sets$1                                                : loaded 2 times (x 139B)
Class org.objectweb.asm.AnnotationVisitor                                             : loaded 2 times (x 78B)
Class org.gradle.api.internal.DefaultClassPathProvider                                : loaded 2 times (x 76B)
Class com.google.common.collect.Sets$2                                                : loaded 2 times (x 139B)
Class [Lorg.gradle.api.internal.ClassPathProvider;                                    : loaded 2 times (x 69B)
Class org.gradle.api.internal.ClassPathProvider                                       : loaded 2 times (x 70B)
Class [Lorg.objectweb.asm.AnnotationVisitor;                                          : loaded 2 times (x 69B)
Class com.google.common.collect.Sets$3                                                : loaded 2 times (x 139B)
Class com.google.common.cache.LocalCache$LocalLoadingCache                            : loaded 2 times (x 134B)
Class org.gradle.internal.service.UnknownServiceException                             : loaded 2 times (x 83B)
Class com.google.common.collect.Sets$4                                                : loaded 2 times (x 139B)
Class org.objectweb.asm.ModuleVisitor                                                 : loaded 2 times (x 81B)
Class com.google.common.cache.LocalCache$Strength$1                                   : loaded 2 times (x 81B)
Class org.apache.commons.io.output.QueueOutputStream                                  : loaded 2 times (x 87B)
Class com.google.common.util.concurrent.SettableFuture                                : loaded 2 times (x 114B)
Class com.google.common.cache.LocalCache$Strength$2                                   : loaded 2 times (x 81B)
Class com.google.common.cache.LocalCache$Strength$3                                   : loaded 2 times (x 81B)
Class com.google.common.collect.MapDifference                                         : loaded 2 times (x 70B)
Class org.objectweb.asm.FieldWriter                                                   : loaded 2 times (x 78B)
Class com.google.common.cache.CacheBuilder$NullListener                               : loaded 2 times (x 82B)
Class org.gradle.internal.classpath.TransformedClassPath                              : loaded 2 times (x 96B)
Class org.gradle.internal.classloader.InstrumentingClassLoader                        : loaded 2 times (x 70B)
Class org.apache.commons.io.output.UnsynchronizedByteArrayOutputStream                : loaded 2 times (x 102B)
Class com.google.common.cache.CacheLoader$FunctionToCacheLoader                       : loaded 2 times (x 75B)
Class com.google.common.collect.Iterators$ArrayItr                                    : loaded 2 times (x 97B)
Class com.google.common.collect.ImmutableCollection$Builder                           : loaded 2 times (x 76B)
Class org.apache.commons.io.output.ByteArrayOutputStream                              : loaded 2 times (x 102B)
Class com.google.common.base.Joiner                                                   : loaded 2 times (x 79B)
Class com.google.common.base.MoreObjects                                              : loaded 2 times (x 71B)
Class com.google.common.base.Equivalence$Identity                                     : loaded 2 times (x 82B)
Class [Lorg.objectweb.asm.Type;                                                       : loaded 2 times (x 69B)
Class com.google.common.collect.UnmodifiableIterator                                  : loaded 2 times (x 80B)
Class org.gradle.internal.service.ServiceLocator                                      : loaded 2 times (x 70B)
Class com.google.common.base.Ascii                                                    : loaded 2 times (x 71B)
Class com.google.common.collect.SingletonImmutableBiMap                               : loaded 2 times (x 143B)
Class com.google.common.cache.LocalCache$1                                            : loaded 2 times (x 89B)
Class com.google.common.collect.Iterators$SingletonIterator                           : loaded 2 times (x 81B)
Class com.google.common.collect.AbstractMapEntry                                      : loaded 2 times (x 81B)
Class com.google.common.collect.Sets$ImprovedAbstractSet                              : loaded 2 times (x 135B)
Class com.google.common.collect.ImmutableList$Builder                                 : loaded 2 times (x 77B)
Class com.google.common.collect.AbstractMultimap                                      : loaded 2 times (x 123B)
Class com.google.common.cache.LocalCache$2                                            : loaded 2 times (x 142B)
Class com.google.common.collect.RegularImmutableAsList                                : loaded 2 times (x 217B)
Class com.google.common.util.concurrent.AbstractFuture$Trusted                        : loaded 2 times (x 70B)
Class com.google.common.collect.Iterators                                             : loaded 2 times (x 71B)
Class com.google.common.collect.Lists$StringAsImmutableList                           : loaded 2 times (x 207B)
Class com.google.common.util.concurrent.UncheckedExecutionException                   : loaded 2 times (x 82B)
Class org.gradle.kotlin.dsl.VersionCatalogAccessorsKt                                 : loaded 2 times (x 71B)
Class com.google.common.collect.AbstractMapBasedMultimap$KeySet$1                     : loaded 2 times (x 82B)
Class org.objectweb.asm.ClassWriter                                                   : loaded 2 times (x 106B)
Class com.google.common.base.CharMatcher$And                                          : loaded 2 times (x 112B)
Class com.google.common.cache.CacheLoader$UnsupportedLoadingOperationException        : loaded 2 times (x 82B)
Class org.gradle.internal.classloader.ClasspathUtil$1                                 : loaded 2 times (x 76B)
Class com.google.common.base.Objects                                                  : loaded 2 times (x 71B)
Class org.objectweb.asm.FieldVisitor                                                  : loaded 2 times (x 77B)
Class com.google.common.collect.IndexedImmutableSet                                   : loaded 2 times (x 152B)
Class com.google.common.collect.ImmutableMap$1                                        : loaded 2 times (x 81B)
Class com.google.common.collect.BiMap                                                 : loaded 2 times (x 70B)
Class org.gradle.api.internal.classpath.DefaultModuleRegistry$DefaultModule           : loaded 2 times (x 86B)
Class com.google.common.primitives.Ints                                               : loaded 2 times (x 71B)
Class com.google.common.collect.AbstractIterator                                      : loaded 2 times (x 82B)
Class com.google.common.collect.ObjectArrays                                          : loaded 2 times (x 71B)
Class com.google.common.math.MathPreconditions                                        : loaded 2 times (x 71B)
Class com.google.common.collect.Multiset                                              : loaded 2 times (x 70B)
Class com.google.common.collect.ArrayListMultimapGwtSerializationDependencies         : loaded 2 times (x 172B)
Class com.google.common.collect.AbstractIndexedListIterator                           : loaded 2 times (x 96B)
Class org.apache.commons.io.output.NullOutputStream                                   : loaded 2 times (x 85B)
Class com.google.common.collect.ImmutableMapEntrySet                                  : loaded 2 times (x 152B)
Class org.gradle.api.internal.classpath.Module                                        : loaded 2 times (x 70B)
Class com.google.common.cache.Weigher                                                 : loaded 2 times (x 70B)
Class ijKotlinCoroutineJvmDebugInit1_4g3l1cw8j4fi8gxdu7umxym85                        : loaded 2 times (x 171B)
Class org.gradle.api.internal.classpath.UnknownModuleException                        : loaded 2 times (x 82B)
Class com.google.common.base.Stopwatch                                                : loaded 2 times (x 72B)
Class com.google.common.cache.LocalCache$Strength                                     : loaded 2 times (x 81B)
Class com.google.common.cache.Cache                                                   : loaded 2 times (x 70B)
Class com.google.common.util.concurrent.AbstractFuture$Cancellation                   : loaded 2 times (x 72B)
Class com.google.common.collect.ImmutableMap$Builder                                  : loaded 2 times (x 82B)
Class com.google.common.cache.RemovalListener                                         : loaded 2 times (x 70B)
Class org.gradle.api.internal.DefaultClassPathRegistry                                : loaded 2 times (x 76B)
Class com.google.common.primitives.IntsMethodsForWeb                                  : loaded 2 times (x 71B)
Class com.google.common.collect.Multimap                                              : loaded 2 times (x 70B)
Class org.gradle.api.internal.ClassPathRegistry                                       : loaded 2 times (x 70B)
Class org.gradle.internal.classpath.DefaultClassPath$ImmutableUniqueList              : loaded 2 times (x 199B)
Class com.google.common.base.ExtraObjectsMethodsForWeb                                : loaded 2 times (x 71B)
Class org.apache.commons.io.IOUtils                                                   : loaded 2 times (x 71B)
Class com.google.common.collect.Platform                                              : loaded 2 times (x 71B)
Class com.google.common.cache.CacheBuilder                                            : loaded 2 times (x 72B)
Class com.google.common.collect.SingletonImmutableList                                : loaded 2 times (x 207B)
Class Settings_gradle$1                                                               : loaded 2 times (x 74B)
Class org.gradle.internal.classpath.ClassPath                                         : loaded 2 times (x 70B)
Class com.google.common.base.JdkPattern                                               : loaded 2 times (x 75B)
Class com.google.common.collect.ImmutableList$ReverseImmutableList                    : loaded 2 times (x 209B)
Class org.objectweb.asm.SymbolTable$Entry                                             : loaded 2 times (x 74B)
Class org.objectweb.asm.Edge                                                          : loaded 2 times (x 72B)
Class com.google.common.base.Suppliers$SupplierOfInstance                             : loaded 2 times (x 79B)
Class com.google.common.collect.Iterators$1                                           : loaded 2 times (x 81B)
Class com.google.common.cache.LocalCache$ComputingValueReference                      : loaded 2 times (x 96B)
Class com.google.common.collect.SingletonImmutableSet                                 : loaded 2 times (x 146B)
Class com.google.common.collect.ImmutableMap$IteratorBasedImmutableMap                : loaded 2 times (x 126B)
Class com.google.common.cache.LocalCache$Segment                                      : loaded 2 times (x 154B)
Class com.google.common.collect.AbstractListMultimap                                  : loaded 2 times (x 172B)
Class [Lorg.objectweb.asm.SymbolTable$Entry;                                          : loaded 2 times (x 69B)
Class com.google.common.cache.CacheLoader                                             : loaded 2 times (x 74B)
Class com.google.common.collect.Iterators$4                                           : loaded 2 times (x 82B)
Class com.google.common.collect.ImmutableBiMap                                        : loaded 2 times (x 143B)
Class org.gradle.api.internal.classpath.ModuleRegistry                                : loaded 2 times (x 70B)
Class org.gradle.internal.installation.GradleInstallation$1                           : loaded 2 times (x 75B)
Class org.apache.commons.io.output.NullWriter                                         : loaded 2 times (x 99B)
Class com.google.common.collect.ImmutableSet$JdkBackedSetBuilderImpl                  : loaded 2 times (x 76B)
Class com.google.common.util.concurrent.internal.InternalFutureFailureAccess          : loaded 2 times (x 72B)
Class com.google.common.collect.Iterators$5                                           : loaded 2 times (x 82B)
Class com.google.common.base.CharMatcher$ForPredicate                                 : loaded 2 times (x 112B)
Class com.google.common.cache.LocalCache$LocalManualCache$1                           : loaded 2 times (x 75B)
Class ijJvmDebugger1_aufilb7hopex1d8y9sev9y3zc                                        : loaded 2 times (x 171B)
Class com.google.common.base.CharMatcher$AnyOf                                        : loaded 2 times (x 112B)
Class com.google.common.collect.ImmutableCollection                                   : loaded 2 times (x 125B)
Class org.gradle.api.internal.classpath.DefaultModuleRegistry                         : loaded 2 times (x 86B)
Class com.google.common.collect.Lists                                                 : loaded 2 times (x 71B)
Class com.google.common.util.concurrent.ListenableFuture                              : loaded 2 times (x 70B)
Class com.google.common.cache.ReferenceEntry                                          : loaded 2 times (x 70B)
Class com.google.common.base.Converter                                                : loaded 2 times (x 90B)
Class com.google.common.collect.ImmutableSet$CachingAsList                            : loaded 2 times (x 148B)
Class com.google.common.collect.AbstractMapBasedMultimap                              : loaded 2 times (x 139B)
Class com.google.common.util.concurrent.AbstractFuture                                : loaded 2 times (x 106B)
Class com.google.common.base.FunctionalEquivalence                                    : loaded 2 times (x 83B)
Class com.google.common.collect.Iterators$9                                           : loaded 2 times (x 81B)
Class com.google.common.collect.ImmutableAsList                                       : loaded 2 times (x 209B)
Class org.objectweb.asm.RecordComponentVisitor                                        : loaded 2 times (x 77B)
Class com.google.common.cache.CacheLoader$SupplierToCacheLoader                       : loaded 2 times (x 75B)
Class org.gradle.internal.service.ServiceLookupException                              : loaded 2 times (x 82B)
Class [Lcom.google.common.cache.LocalCache$EntryFactory;                              : loaded 2 times (x 69B)
Class org.gradle.internal.classloader.ClassLoaderFactory                              : loaded 2 times (x 70B)
Class org.apache.commons.io.CloseableURLConnection                                    : loaded 2 times (x 116B)
Class com.google.common.base.CommonPattern                                            : loaded 2 times (x 74B)
Class com.google.common.base.CharMatcher$IsNot                                        : loaded 2 times (x 111B)
Class com.google.common.cache.LocalCache$LocalManualCache                             : loaded 2 times (x 99B)
Class ijJvmDebugger1_aufilb7hopex1d8y9sev9y3zc$_run_closure1$_closure2                : loaded 2 times (x 140B)
Class org.gradle.internal.service.CachingServiceLocator                               : loaded 2 times (x 82B)
Class com.google.common.collect.AbstractMapBasedMultimap$KeySet                       : loaded 2 times (x 137B)
Class com.google.common.math.IntMath                                                  : loaded 2 times (x 71B)
Class com.google.common.collect.ImmutableMapEntry                                     : loaded 2 times (x 85B)
Class com.google.common.base.Equivalence                                              : loaded 2 times (x 82B)
Class com.google.common.base.Function                                                 : loaded 2 times (x 70B)
Class com.google.common.collect.ImmutableMapEntry$NonTerminalImmutableMapEntry        : loaded 2 times (x 85B)
Class org.apache.commons.io.output.AbstractByteArrayOutputStream                      : loaded 2 times (x 102B)
Class com.google.common.collect.IndexedImmutableSet$1                                 : loaded 2 times (x 213B)
Class com.google.common.cache.CacheBuilder$OneWeigher                                 : loaded 2 times (x 82B)
Class com.google.common.collect.RegularImmutableList                                  : loaded 2 times (x 213B)
Class org.gradle.internal.classloader.ClasspathUtil                                   : loaded 2 times (x 71B)
Class com.google.common.util.concurrent.Uninterruptibles                              : loaded 2 times (x 71B)
Class com.google.common.util.concurrent.LazyLogger                                    : loaded 2 times (x 72B)
Class com.google.common.collect.Maps                                                  : loaded 2 times (x 71B)
Class org.gradle.api.specs.Spec                                                       : loaded 2 times (x 70B)
Class [Lcom.google.common.collect.ImmutableEntry;                                     : loaded 2 times (x 69B)
Class com.google.common.cache.LocalCache$LoadingValueReference                        : loaded 2 times (x 96B)
Class com.google.common.base.Platform                                                 : loaded 2 times (x 71B)
Class [Lorg.objectweb.asm.AnnotationWriter;                                           : loaded 2 times (x 69B)
Class com.google.common.collect.Maps$8                                                : loaded 2 times (x 82B)
Class com.google.common.collect.Sets$SetView                                          : loaded 2 times (x 138B)
Class com.google.common.cache.LocalCache$StrongValueReference                         : loaded 2 times (x 90B)
Class org.objectweb.asm.Type                                                          : loaded 2 times (x 72B)
Class org.gradle.internal.classloader.VisitableURLClassLoader$InstrumentingVisitableURLClassLoader: loaded 2 times (x 123B)
Class com.google.common.math.IntMath$1                                                : loaded 2 times (x 71B)
Class org.objectweb.asm.ByteVector                                                    : loaded 2 times (x 79B)
Class [Lcom.google.common.cache.CacheBuilder$NullListener;                            : loaded 2 times (x 69B)
Class org.gradle.internal.classloader.VisitableURLClassLoader$Spec                    : loaded 2 times (x 74B)
Class org.gradle.internal.classpath.DefaultClassPath                                  : loaded 2 times (x 90B)
Class org.objectweb.asm.Symbol                                                        : loaded 2 times (x 73B)
Class com.google.common.base.CharMatcher$BitSetMatcher                                : loaded 2 times (x 112B)
Class com.google.common.collect.RegularImmutableMap$Values                            : loaded 2 times (x 207B)
Class com.google.common.collect.ImmutableSet                                          : loaded 2 times (x 145B)
Class org.gradle.internal.classloader.ClassLoaderSpec                                 : loaded 2 times (x 71B)
Class org.objectweb.asm.AnnotationWriter                                              : loaded 2 times (x 79B)
Class com.google.common.cache.CacheStats                                              : loaded 2 times (x 71B)
Class org.objectweb.asm.RecordComponentWriter                                         : loaded 2 times (x 78B)
Class com.google.common.util.concurrent.AbstractFuture$Listener                       : loaded 2 times (x 72B)
Class com.google.common.base.CharMatcher$Or                                           : loaded 2 times (x 112B)
Class Settings_gradle$1$1                                                             : loaded 2 times (x 74B)
Class org.objectweb.asm.Attribute                                                     : loaded 2 times (x 77B)
Class com.google.common.base.Supplier                                                 : loaded 2 times (x 70B)
Class org.gradle.internal.classloader.VisitableURLClassLoader                         : loaded 2 times (x 117B)
Class Settings_gradle                                                                 : loaded 2 times (x 124B)
Class org.gradle.internal.Cast                                                        : loaded 2 times (x 71B)
Class org.gradle.api.Action                                                           : loaded 2 times (x 70B)
Class com.google.common.base.Strings                                                  : loaded 2 times (x 71B)
Class com.google.common.collect.Sets                                                  : loaded 2 times (x 71B)
Class org.objectweb.asm.Handler                                                       : loaded 2 times (x 72B)
Class com.google.common.base.CharMatcher$FastMatcher                                  : loaded 2 times (x 111B)
Class com.google.common.base.Ticker                                                   : loaded 2 times (x 72B)
Class [Lcom.google.common.cache.LocalCache$Segment;                                   : loaded 2 times (x 69B)
Class com.google.common.base.Predicate                                                : loaded 2 times (x 70B)
Class [Lcom.google.common.cache.LocalCache$Strength;                                  : loaded 2 times (x 69B)
Class com.google.common.cache.CacheBuilder$1                                          : loaded 2 times (x 85B)
Class com.google.common.collect.ImmutableMap                                          : loaded 2 times (x 120B)
Class org.gradle.internal.classpath.DefaultClassPath$ImmutableUniqueList$Builder      : loaded 2 times (x 75B)
Class com.google.common.base.CharMatcher$NegatedFastMatcher                           : loaded 2 times (x 113B)
Class com.google.common.cache.LocalCache                                              : loaded 2 times (x 187B)
Class com.google.common.cache.CacheBuilder$2                                          : loaded 2 times (x 79B)
Class com.google.common.collect.ArrayListMultimap                                     : loaded 2 times (x 172B)
Class com.google.common.cache.CacheBuilder$3                                          : loaded 2 times (x 72B)
Class [Lcom.google.common.collect.AbstractMapEntry;                                   : loaded 2 times (x 69B)
Class com.google.common.collect.ImmutableEntry                                        : loaded 2 times (x 82B)
Class org.gradle.api.GradleException                                                  : loaded 2 times (x 82B)
Class org.apache.commons.io.StandardLineSeparator                                     : loaded 2 times (x 79B)
Class com.google.common.collect.CollectPreconditions                                  : loaded 2 times (x 71B)
Class com.google.common.collect.SortedMapDifference                                   : loaded 2 times (x 70B)
Class ijJvmDebugger1_aufilb7hopex1d8y9sev9y3zc$_run_closure1                          : loaded 2 times (x 139B)
Class com.google.common.cache.LocalCache$EntryFactory                                 : loaded 2 times (x 83B)
Class com.google.common.cache.LocalCache$AbstractReferenceEntry                       : loaded 2 times (x 107B)
Class org.gradle.internal.IoActions                                                   : loaded 2 times (x 71B)
Class org.objectweb.asm.SymbolTable                                                   : loaded 2 times (x 72B)
Class com.google.common.cache.CacheLoader$InvalidCacheLoadException                   : loaded 2 times (x 82B)
Class com.google.common.collect.ImmutableSet$RegularSetBuilderImpl                    : loaded 2 times (x 77B)
Class org.gradle.internal.classloader.SystemClassLoaderSpec                           : loaded 2 times (x 71B)
Class com.google.common.cache.LocalCache$StrongEntry                                  : loaded 2 times (x 108B)
Class com.google.common.util.concurrent.AbstractFuture$TrustedFuture                  : loaded 2 times (x 114B)
Class com.google.common.cache.LoadingCache                                            : loaded 2 times (x 70B)
Class org.objectweb.asm.MethodWriter                                                  : loaded 2 times (x 106B)
Class [Lcom.google.common.cache.Weigher;                                              : loaded 2 times (x 69B)
Class com.google.common.collect.RegularImmutableMap$BucketOverflowException           : loaded 2 times (x 82B)
Class com.google.common.collect.RegularImmutableBiMap                                 : loaded 2 times (x 149B)
Class com.google.common.base.CharMatcher$Negated                                      : loaded 2 times (x 113B)
Class com.google.common.base.CharMatcher$Is                                           : loaded 2 times (x 111B)
Class com.google.common.cache.LocalCache$ValueReference                               : loaded 2 times (x 70B)
Class com.google.common.base.PatternCompiler                                          : loaded 2 times (x 70B)
Class com.google.common.util.concurrent.AbstractFuture$Failure                        : loaded 2 times (x 72B)
Class com.google.common.base.Equivalence$Equals                                       : loaded 2 times (x 82B)
Class com.google.common.collect.Hashing                                               : loaded 2 times (x 71B)
Class com.google.common.base.Preconditions                                            : loaded 2 times (x 71B)
Class com.google.common.base.Joiner$1                                                 : loaded 2 times (x 80B)
Class org.objectweb.asm.Label                                                         : loaded 2 times (x 73B)
Class org.objectweb.asm.CurrentFrame                                                  : loaded 2 times (x 73B)
Class org.objectweb.asm.ClassTooLargeException                                        : loaded 2 times (x 83B)
Class com.google.common.base.CharMatcher                                              : loaded 2 times (x 111B)
Class com.google.common.collect.PeekingIterator                                       : loaded 2 times (x 70B)
Class com.google.common.base.Joiner$2                                                 : loaded 2 times (x 79B)
Class org.objectweb.asm.Frame                                                         : loaded 2 times (x 73B)
Class org.objectweb.asm.MethodVisitor                                                 : loaded 2 times (x 105B)
Class com.google.common.base.CharMatcher$NamedFastMatcher                             : loaded 2 times (x 112B)
Class com.google.common.base.CharMatcher$1                                            : loaded 2 times (x 113B)
Class com.google.common.cache.LocalCache$EntryFactory$1                               : loaded 2 times (x 83B)
Class [Lcom.google.common.cache.RemovalListener;                                      : loaded 2 times (x 69B)
Class com.google.common.cache.LocalCache$EntryFactory$2                               : loaded 2 times (x 83B)
Class org.gradle.api.internal.classpath.GlobalCacheRootsProvider                      : loaded 2 times (x 70B)
Class org.objectweb.asm.ModuleWriter                                                  : loaded 2 times (x 82B)
Class com.google.common.cache.LocalCache$EntryFactory$3                               : loaded 2 times (x 83B)
Class com.google.common.base.Ticker$1                                                 : loaded 2 times (x 72B)
Class com.google.common.collect.Maps$BiMapConverter                                   : loaded 2 times (x 90B)
Class com.google.common.collect.ImmutableMapEntrySet$RegularEntrySet                  : loaded 2 times (x 152B)
Class com.google.common.collect.ImmutableSet$Builder                                  : loaded 2 times (x 85B)
Class com.google.common.base.CharMatcher$InRange                                      : loaded 2 times (x 111B)
Class com.google.common.cache.LocalCache$EntryFactory$4                               : loaded 2 times (x 83B)
Class com.google.common.cache.LocalCache$EntryFactory$5                               : loaded 2 times (x 83B)
Class ijKotlinCoroutineJvmDebugInit1_4g3l1cw8j4fi8gxdu7umxym85$_run_closure1          : loaded 2 times (x 139B)
Class com.google.common.base.PairwiseEquivalence                                      : loaded 2 times (x 83B)
Class org.apache.commons.io.output.AppendableWriter                                   : loaded 2 times (x 100B)
Class com.google.common.cache.LocalCache$EntryFactory$6                               : loaded 2 times (x 83B)
Class org.gradle.internal.installation.CurrentGradleInstallationLocator               : loaded 2 times (x 71B)
Class org.apache.commons.io.output.ThresholdingOutputStream                           : loaded 2 times (x 95B)
Class com.google.common.collect.Maps$KeySet                                           : loaded 2 times (x 137B)
Class com.google.common.collect.ImmutableSet$EmptySetBuilderImpl                      : loaded 2 times (x 76B)
Class com.google.common.cache.LocalCache$EntryFactory$7                               : loaded 2 times (x 83B)
Class com.google.common.collect.ImmutableList                                         : loaded 2 times (x 206B)
Class org.gradle.internal.service.DefaultServiceLocator                               : loaded 2 times (x 83B)
Class com.google.common.cache.LocalCache$EntryFactory$8                               : loaded 2 times (x 83B)
Class com.google.common.collect.ImmutableSet$SetBuilderImpl                           : loaded 2 times (x 76B)
Class org.gradle.internal.installation.CurrentGradleInstallation                      : loaded 2 times (x 73B)
Class com.google.common.cache.CacheLoader$1                                           : loaded 2 times (x 75B)
Class com.google.common.collect.ImmutableList$SubList                                 : loaded 2 times (x 209B)
Class org.gradle.util.internal.GUtil                                                  : loaded 2 times (x 71B)
Class com.google.common.cache.AbstractCache$StatsCounter                              : loaded 2 times (x 70B)
Class com.google.common.collect.Iterators$MergingIterator                             : loaded 2 times (x 81B)
Class com.google.common.collect.RegularImmutableSet                                   : loaded 2 times (x 149B)
Class ijKotlinCoroutineJvmDebugInit1_4g3l1cw8j4fi8gxdu7umxym85$_run_closure1$_closure2: loaded 2 times (x 139B)
Class org.gradle.internal.installation.GradleInstallation                             : loaded 2 times (x 75B)
Class com.google.common.collect.Iterables                                             : loaded 2 times (x 71B)

---------------  S Y S T E M  ---------------

OS:
 Windows 11 , 64 bit Build 26100 (10.0.26100.8246)
OS uptime: 0 days 14:07 hours

CPU: total 8 (initial active 8) (8 cores per cpu, 2 threads per core) family 23 model 24 stepping 1 microcode 0x810810e, cx8, cmov, fxsr, ht, mmx, 3dnowpref, sse, sse2, sse3, ssse3, sse4a, sse4.1, sse4.2, popcnt, lzcnt, tsc, tscinvbit, avx, avx2, aes, clmul, bmi1, bmi2, adx, sha, fma, vzeroupper, clflush, clflushopt, rdtscp, f16c
Processor Information for the first 8 processors :
  Max Mhz: 3700, Current Mhz: 3700, Mhz Limit: 3700

Memory: 4k page, system-wide physical 14257M (608M free)
TotalPageFile size 31958M (AvailPageFile size 6M)
current process WorkingSet (physical memory assigned to process): 488M, peak: 495M
current process commit charge ("private bytes"): 521M, peak: 529M

vm_info: OpenJDK 64-Bit Server VM (21.0.9+-14787801-b1163.94) for windows-amd64 JRE (21.0.9+-14787801-b1163.94), built on 2026-01-27T21:15:44Z by "builder" with MS VC++ 16.10 / 16.11 (VS2019)

END.
